num_scan	state	face	maze	prep_face	pre_maze	rest
2	rest	0.000633959	0.00071943	0.000303239	0.000557183	0.997786
3	rest	8.52E-05	0.000106867	6.12E-05	8.26E-05	0.999664
4	rest	2.84E-05	6.48E-05	3.01E-05	8.47E-05	0.999792
5	rest	9.17E-05	0.000110809	4.72E-05	3.25E-05	0.999718
6	rest	5.92E-05	5.72E-05	1.55E-05	4.18E-05	0.999826
7	rest	8.43E-05	6.80E-05	0.000105679	2.20E-05	0.99972
8	rest	0.000184434	4.32E-05	0.000103012	9.67E-05	0.999573
9	rest	0.000226268	0.000113974	8.82E-05	0.000120476	0.999451
10	rest	0.00019085	0.000127173	1.15E-05	3.24E-05	0.999638
11	rest	5.46E-05	1.44E-05	5.83E-06	8.07E-06	0.999917
12	rest	0.000242098	0.000132325	8.52E-05	1.49E-05	0.999525
13	rest	0.000234931	1.07E-05	2.81E-05	1.33E-05	0.999713
14	rest	0.0012178	0.000295816	0.000444832	0.000261663	0.99778
15	rest	0.000287541	5.26E-05	4.20E-05	2.32E-05	0.999595
16	rest	0.000361119	0.000292361	0.000543684	9.53E-05	0.998708
17	rest	0.00133794	0.000519918	0.000690526	0.000332504	0.997119
18	rest	0.000243064	0.000124588	0.000188987	6.48E-05	0.999379
19	rest	0.000154409	0.000100168	9.10E-05	3.47E-05	0.99962
20	rest	8.04E-05	4.67E-05	4.76E-05	3.19E-05	0.999793
21	rest	0.00113433	0.000108053	0.000572712	0.000933417	0.997251
22	rest	0.000273563	9.85E-05	3.03E-05	5.62E-05	0.999541
23	rest	0.000217681	8.11E-05	7.22E-05	0.000283253	0.999346
24	rest	3.44E-05	7.99E-05	2.98E-05	3.88E-05	0.999817
25	rest	9.12E-05	0.000179316	0.000139035	0.000187829	0.999403
26	rest	4.44E-05	3.62E-05	1.92E-05	3.66E-05	0.999864
27	rest	4.50E-05	5.05E-05	6.02E-05	0.000111	0.999733
28	rest	6.53E-05	8.91E-05	4.53E-05	5.30E-05	0.999747
29	rest	2.11E-05	3.64E-05	1.17E-05	3.56E-05	0.999895
30	rest	2.77E-05	2.00E-05	5.86E-05	4.23E-06	0.999889
31	rest	1.30E-05	1.61E-05	7.62E-06	3.07E-06	0.99996
32	rest	2.31E-05	1.49E-05	1.21E-05	2.05E-05	0.999929
33	rest	0.000333593	0.0001129	9.20E-05	0.000101205	0.99936
34	rest	8.35E-05	0.0001376	3.39E-05	4.59E-05	0.999699
35	rest	3.85E-05	1.85E-05	2.53E-05	9.87E-06	0.999908
36	rest	8.24E-05	2.78E-05	0.000208984	1.51E-05	0.999666
37	rest	3.71E-05	1.39E-05	1.58E-06	1.71E-06	0.999946
38	rest	4.78E-05	2.49E-05	5.22E-05	1.24E-05	0.999863
39	rest	0.000111816	3.87E-05	4.86E-05	2.40E-05	0.999777
40	rest	8.86E-05	4.28E-05	6.10E-05	8.29E-06	0.999799
41	rest	7.19E-05	4.12E-05	4.38E-05	1.62E-06	0.999841
42	rest	0.000136799	0.000140936	0.000260519	6.13E-05	0.9994
43	rest	0.000193475	4.82E-05	7.43E-05	3.89E-05	0.999645
44	rest	0.000120599	6.36E-05	1.71E-05	4.39E-05	0.999755
45	rest	0.000608189	0.000100883	0.000135509	6.68E-05	0.999089
46	rest	0.000119196	1.83E-05	4.43E-06	2.67E-06	0.999855
47	rest	0.000199542	1.67E-05	3.77E-05	2.48E-05	0.999721
48	rest	0.00058027	7.50E-05	1.41E-05	0.000233964	0.999097
49	rest	0.000251345	8.21E-05	1.98E-05	2.90E-05	0.999618
50	rest	0.000842131	2.21E-05	3.09E-05	0.000178793	0.998926
51	rest	0.00145472	9.34E-05	9.15E-05	3.56E-05	0.998325
52	rest	0.00169092	8.17E-05	3.58E-05	1.04E-05	0.998181
53	rest	0.00117681	0.000102748	4.24E-05	2.52E-05	0.998653
54	rest	0.000979938	3.78E-05	2.53E-05	4.17E-05	0.998915
55	rest	0.0010504	0.000112764	0.000156915	0.000397127	0.998283
56	rest	0.00141802	0.000178513	0.000260557	0.000110004	0.998033
57	rest	0.00232277	0.000137305	0.000139238	0.000298169	0.997103
58	rest	0.00115607	5.97E-05	9.74E-06	2.84E-05	0.998746
59	rest	0.00120549	0.000297043	0.00017669	0.000196093	0.998125
60	rest	0.000387612	7.75E-05	1.93E-05	1.53E-05	0.9995
61	rest	0.000156706	2.25E-05	1.69E-05	6.21E-06	0.999798
62	rest	0.000610759	0.00012367	0.000139825	0.000209062	0.998917
63	rest	0.000171092	9.12E-05	1.25E-05	1.26E-05	0.999713
64	rest	8.51E-05	6.06E-05	0.00012536	2.36E-05	0.999705
65	rest	0.000166823	0.000216931	0.000324942	0.000283762	0.999008
66	rest	0.000287344	0.000254001	0.000100745	1.63E-05	0.999342
67	rest	2.88E-05	4.10E-05	1.67E-05	6.63E-06	0.999907
68	rest	2.66E-05	1.83E-05	9.87E-06	1.27E-05	0.999933
69	rest	3.55E-05	2.80E-05	1.25E-05	1.86E-05	0.999905
70	rest	0.000157588	2.80E-05	1.31E-05	2.80E-05	0.999773
71	rest	0.000112373	9.19E-05	3.66E-05	0.000130428	0.999629
72	rest	9.57E-05	4.71E-05	2.88E-05	3.37E-06	0.999825
73	rest	0.000117925	1.46E-05	3.91E-06	1.39E-06	0.999862
74	rest	0.000291664	7.23E-05	0.000114698	1.88E-05	0.999503
75	rest	0.000132409	6.12E-05	1.03E-05	4.26E-05	0.999753
76	rest	2.54E-05	1.09E-05	1.74E-05	8.66E-06	0.999938
77	rest	0.000148811	5.94E-05	2.54E-05	2.31E-05	0.999743
78	rest	6.64E-05	2.34E-05	3.28E-06	7.72E-06	0.999899
79	rest	9.54E-05	4.80E-05	5.05E-05	1.05E-05	0.999796
80	rest	6.80E-05	9.54E-06	1.01E-05	9.41E-06	0.999903
81	rest	0.000128028	0.000106061	0.000108646	2.09E-05	0.999636
82	rest	0.000135011	6.60E-05	0.000105653	8.48E-06	0.999685
83	rest	0.000130248	7.11E-05	1.20E-05	1.36E-05	0.999773
84	rest	8.61E-05	0.000136025	4.46E-05	1.84E-05	0.999715
85	rest	0.000129695	4.36E-05	3.89E-05	8.18E-05	0.999706
86	rest	0.00010323	8.34E-05	5.76E-05	1.03E-05	0.999746
87	rest	0.000182978	2.42E-05	0.000100263	7.53E-05	0.999617
88	rest	0.000677023	6.05E-05	1.50E-05	4.78E-05	0.9992
89	rest	0.000753916	2.52E-05	6.64E-06	2.75E-05	0.999187
90	rest	0.000342758	1.10E-05	5.45E-06	7.54E-06	0.999633
91	rest	0.00035435	1.56E-05	2.75E-05	3.13E-05	0.999571
92	rest	0.000283445	0.000142916	3.60E-05	3.83E-05	0.999499
93	rest	8.20E-05	4.59E-05	8.35E-06	9.85E-05	0.999765
94	rest	7.21E-05	3.58E-05	2.31E-05	3.27E-06	0.999866
95	rest	6.54E-05	5.29E-05	4.83E-06	7.52E-06	0.999869
96	rest	8.85E-05	2.15E-05	1.57E-05	8.57E-06	0.999866
97	rest	0.00022685	4.52E-05	9.32E-05	2.46E-05	0.99961
98	rest	0.000912464	0.000109724	0.000106635	0.00030651	0.998565
99	rest	0.00103014	0.000169627	5.56E-05	3.14E-05	0.998713
100	rest	0.000225177	0.000114505	1.14E-05	2.58E-05	0.999623
101	rest	0.000137506	2.28E-05	3.63E-05	1.17E-05	0.999792
102	rest	0.00167563	0.000317151	0.00165404	0.000405109	0.995948
103	rest	0.000612359	7.26E-05	1.62E-05	1.74E-05	0.999281
104	rest	0.000358195	0.000167674	0.000104615	6.34E-05	0.999306
105	rest	0.000103476	0.000130267	5.01E-05	1.08E-05	0.999705
106	rest	9.80E-05	2.28E-05	7.98E-06	2.28E-05	0.999848
107	rest	0.000572954	7.16E-05	2.56E-05	2.81E-05	0.999302
108	rest	0.000698986	0.000267081	0.000135559	1.26E-05	0.998886
109	rest	0.000925634	0.000197098	8.70E-05	7.77E-05	0.998713
110	rest	0.000647385	0.000112314	0.000111339	4.33E-05	0.999086
111	rest	0.00110332	9.05E-05	0.000471599	0.000101444	0.998233
112	rest	0.00837229	0.00011079	0.000177061	0.000187194	0.991153
113	rest	0.00530865	0.000371918	2.29E-05	0.000282875	0.994014
114	rest	0.000759362	0.000103821	2.80E-05	1.21E-05	0.999097
115	rest	0.000135674	3.42E-05	1.27E-05	3.72E-06	0.999814
116	rest	0.000103152	1.34E-05	1.11E-05	1.22E-05	0.99986
117	rest	0.000201093	0.000231262	0.000121217	0.000265663	0.999181
118	rest	7.99E-05	0.000232256	1.24E-05	1.38E-05	0.999662
119	rest	0.00011742	0.00016329	0.000455736	2.67E-05	0.999237
120	rest	5.31E-05	4.63E-05	2.39E-05	5.37E-06	0.999871
121	rest	0.000181891	6.42E-05	8.44E-05	3.10E-05	0.999639
122	rest	6.92E-05	3.52E-05	2.84E-05	2.82E-05	0.999839
123	rest	0.000106745	3.55E-05	3.59E-05	0.000103163	0.999719
124	rest	8.22E-05	9.32E-05	2.51E-05	6.95E-06	0.999792
125	rest	0.00015899	0.000214775	3.77E-05	4.28E-05	0.999546
126	rest	0.0002447	0.000210569	0.000102585	0.000295286	0.999147
127	rest	0.00160582	0.000529228	0.000661836	0.00025903	0.996944
128	rest	0.00140519	0.000348776	5.15E-05	5.54E-05	0.998139
129	rest	0.000644678	0.000131113	6.14E-06	4.33E-06	0.999214
130	rest	0.000160258	2.91E-05	1.45E-05	2.50E-05	0.999771
131	rest	0.000656897	9.22E-05	3.14E-05	1.24E-05	0.999207
132	rest	0.000699545	3.75E-05	2.07E-05	8.94E-06	0.999233
133	rest	0.000424117	1.36E-05	6.13E-05	3.14E-05	0.99947
134	rest	0.000772486	4.32E-05	2.40E-05	4.06E-05	0.99912
135	rest	0.000318819	2.81E-05	4.99E-06	4.05E-06	0.999644
136	rest	0.000195661	9.11E-05	2.26E-05	4.57E-05	0.999645
137	rest	4.09E-05	1.88E-05	2.26E-05	1.28E-05	0.999905
138	rest	9.54E-05	2.80E-05	6.16E-06	2.27E-05	0.999848
139	rest	0.000141604	3.75E-05	3.04E-05	2.28E-05	0.999768
140	rest	0.000300869	7.00E-05	0.000107251	7.60E-05	0.999446
141	rest	0.000235732	5.54E-05	3.61E-05	2.31E-05	0.99965
142	rest	0.000618584	6.11E-05	0.000203916	2.56E-05	0.999091
143	rest	0.00289073	0.000251026	0.000445674	0.000290345	0.996122
144	rest	0.00369093	0.000458967	0.000307692	7.49E-05	0.995468
145	rest	0.00313175	0.000203093	0.000329244	4.58E-05	0.99629
146	rest	0.00386062	0.000156883	0.000109416	4.36E-05	0.99583
147	rest	0.00348652	0.000205995	0.000428996	0.000164506	0.995714
148	rest	0.00139717	0.000133934	2.16E-05	2.70E-05	0.99842
149	rest	0.00113167	0.000111206	0.000113519	4.69E-05	0.998597
150	rest	0.00144933	0.0001198	6.96E-05	1.89E-05	0.998342
151	rest	0.000977757	4.36E-05	2.55E-05	6.62E-05	0.998887
152	rest	0.000986733	5.08E-05	0.000120347	6.95E-05	0.998773
153	rest	0.000559628	0.000108877	0.000202516	2.07E-05	0.999108
154	rest	0.000342894	0.000122722	7.63E-05	0.00019364	0.999264
155	rest	0.00191126	0.00128439	0.00112305	0.000250317	0.995431
156	rest	0.00102503	0.000709966	0.000140813	2.25E-05	0.998102
157	rest	0.00104421	0.000253183	8.15E-05	5.47E-05	0.998566
158	rest	0.000863863	0.000358019	1.27E-05	2.92E-05	0.998736
159	rest	0.00029986	6.04E-05	1.38E-05	4.35E-05	0.999582
160	rest	9.36E-05	0.00023861	3.39E-05	2.59E-05	0.999608
161	rest	0.000119134	4.22E-05	1.42E-05	2.06E-05	0.999804
162	rest	0.000103169	6.79E-05	1.90E-05	7.12E-06	0.999803
163	rest	0.000127514	7.38E-05	1.93E-05	6.73E-06	0.999773
164	rest	0.000133469	4.39E-05	4.33E-05	1.01E-05	0.999769
165	rest	0.000338752	0.000186128	4.46E-05	2.24E-05	0.999408
166	rest	0.000226552	0.000116853	6.20E-05	2.29E-05	0.999572
167	rest	0.000340357	3.65E-05	1.07E-05	4.62E-05	0.999566
168	rest	7.12E-05	6.42E-05	9.37E-05	1.70E-05	0.999754
169	rest	6.80E-05	3.33E-05	6.84E-05	1.72E-05	0.999813
170	rest	0.000918302	0.000513931	0.000173579	2.43E-05	0.99837
171	rest	0.000520796	0.000139917	0.000129835	2.69E-05	0.999183
172	rest	0.000394362	5.45E-05	1.51E-05	2.50E-06	0.999534
173	rest	0.000597922	0.000124214	7.55E-05	0.000111606	0.999091
174	rest	0.000277399	7.65E-05	1.55E-05	3.29E-05	0.999598
175	rest	0.000153931	0.000189502	7.29E-05	1.63E-05	0.999567
176	rest	0.000656514	0.000170719	7.35E-05	0.000160166	0.998939
177	rest	0.000262517	6.52E-05	8.38E-05	4.38E-05	0.999545
178	rest	0.000305244	9.39E-05	6.43E-05	7.00E-05	0.999467
179	rest	0.00055843	0.000274667	0.000494659	8.91E-05	0.998583
180	rest	0.000184696	4.07E-05	5.86E-05	1.99E-05	0.999696
181	rest	0.000372851	0.000123553	9.40E-05	0.000179588	0.99923
182	rest	0.00127677	0.000817489	0.000780417	0.000609308	0.996516
183	rest	0.000782592	0.00154887	0.000146914	5.04E-05	0.997471
184	rest	0.000209673	0.000169355	6.19E-06	1.19E-05	0.999603
185	rest	0.000165964	5.66E-05	1.56E-05	1.53E-05	0.999747
186	rest	0.000168334	6.85E-05	5.36E-05	3.59E-05	0.999674
187	rest	0.000236068	0.000220658	5.51E-05	1.74E-05	0.999471
188	rest	0.00018337	0.000182211	2.30E-05	2.82E-05	0.999583
189	rest	5.80E-05	1.70E-05	4.71E-06	1.97E-05	0.999901
190	rest	7.16E-05	2.49E-05	2.74E-05	6.94E-06	0.999869
191	rest	0.000888144	0.000247473	0.000283497	0.000269065	0.998312
192	rest	0.000656032	0.000153506	0.000161122	1.73E-05	0.999012
193	rest	0.00093952	7.99E-05	3.59E-05	1.76E-06	0.998943
194	rest	0.00146732	0.00019961	0.000134725	0.000576286	0.997622
195	rest	0.000238544	9.38E-05	1.50E-05	4.14E-06	0.999649
196	rest	2.96E-05	1.12E-05	2.77E-05	1.49E-05	0.999917
197	rest	0.000115134	1.92E-05	4.33E-05	9.56E-06	0.999813
198	rest	0.000465669	0.000187407	0.000100986	0.000197344	0.999049
199	rest	0.000341342	4.66E-05	1.01E-05	1.10E-05	0.999591
200	rest	0.00101237	0.000686079	0.000454501	0.000252424	0.997595
201	rest	0.000298894	3.28E-05	4.33E-05	2.07E-06	0.999623
202	rest	0.00187979	5.25E-05	5.86E-05	5.90E-05	0.99795
203	rest	0.00359867	0.000142221	0.00012797	0.000112693	0.996018
204	rest	0.000752102	8.25E-05	2.28E-05	1.48E-05	0.999128
205	rest	0.000440685	6.57E-05	7.05E-05	3.12E-05	0.999392
206	rest	0.000303824	3.43E-05	3.62E-05	0.000271605	0.999354
207	rest	4.56E-05	8.98E-06	8.74E-06	2.02E-05	0.999917
208	rest	0.000111728	3.17E-05	2.75E-05	1.26E-06	0.999828
209	rest	0.00016445	5.94E-05	3.05E-05	6.11E-05	0.999684
210	rest	5.46E-05	2.39E-05	1.86E-05	5.44E-05	0.999849
211	rest	7.26E-05	2.60E-05	1.46E-05	7.78E-06	0.999879
212	rest	2.86E-05	1.03E-05	2.08E-06	2.63E-06	0.999956
213	rest	6.06E-05	2.30E-05	2.26E-05	1.65E-05	0.999877
214	rest	2.57E-05	2.46E-05	2.01E-05	1.62E-05	0.999913
215	rest	9.25E-05	0.000110024	0.00012226	2.23E-05	0.999653
216	rest	0.00018149	3.43E-05	5.28E-05	9.40E-05	0.999637
217	rest	0.000358272	0.000203591	0.000287043	7.84E-05	0.999073
218	rest	0.00157493	0.00108628	0.00285442	9.83E-05	0.994386
219	rest	0.00183836	0.000114569	0.000123849	8.98E-05	0.997833
220	rest	0.00318274	0.000590619	0.000191717	4.66E-05	0.995988
221	rest	0.00186353	0.000136936	4.23E-05	3.78E-05	0.997919
222	rest	0.000602063	2.47E-05	3.70E-06	3.20E-06	0.999366
223	rest	0.000608501	4.25E-05	8.70E-05	1.12E-05	0.999251
224	rest	0.000932881	0.000142877	0.000329905	0.000262292	0.998332
225	rest	0.00159646	0.000291041	0.00141993	0.000259396	0.996433
226	rest	0.00533142	0.000663475	0.000476591	0.000950229	0.992578
227	rest	0.000584669	2.69E-05	1.29E-05	2.41E-06	0.999373
228	rest	0.00039947	8.98E-05	5.27E-05	1.58E-05	0.999442
229	rest	0.000716255	2.97E-05	1.93E-05	9.20E-05	0.999143
230	rest	0.000297884	5.81E-05	3.54E-05	9.07E-05	0.999518
231	rest	0.000544503	0.000165009	0.000271736	0.000167891	0.998851
232	rest	0.000509867	4.38E-05	7.55E-06	2.71E-05	0.999412
233	rest	0.000157734	3.79E-05	1.99E-05	3.54E-05	0.999749
234	rest	0.00017166	7.51E-05	6.83E-05	4.33E-05	0.999642
235	rest	6.22E-05	2.03E-05	1.80E-05	2.05E-05	0.999879
236	rest	0.00039751	0.000227171	0.000331694	0.000367586	0.998676
237	rest	0.00045279	0.00014873	6.41E-05	2.22E-05	0.999312
238	rest	0.000547403	0.000472178	8.20E-05	4.49E-05	0.998853
239	rest	0.000341916	4.45E-05	2.08E-05	1.18E-05	0.999581
240	rest	0.000197558	2.34E-05	1.02E-05	4.48E-06	0.999764
241	rest	0.00102482	0.000102547	0.000130001	6.13E-05	0.998681
242	rest	0.000591466	4.82E-05	4.42E-05	1.31E-05	0.999303
243	rest	0.000278954	6.03E-05	2.13E-05	2.22E-05	0.999617
244	rest	0.000415474	5.16E-05	4.24E-05	4.46E-05	0.999446
245	rest	0.000749674	0.000192872	0.000295027	0.000985863	0.997777
246	rest	0.000632621	0.000711171	3.68E-05	0.000106252	0.998513
247	rest	0.000123092	6.29E-05	2.34E-05	2.52E-05	0.999765
248	rest	0.00011711	3.56E-05	3.35E-06	1.36E-05	0.99983
249	rest	0.000152369	3.80E-05	5.21E-06	3.43E-06	0.999801
250	rest	0.00102442	9.62E-05	0.00015768	0.000136677	0.998585
251	rest	0.00297333	6.00E-05	8.26E-05	4.82E-05	0.996836
252	rest	0.00527566	9.45E-05	0.000178543	0.000146392	0.994305
253	rest	0.00591037	0.000100765	0.000296759	1.33E-05	0.993679
254	rest	0.00885529	7.23E-05	0.000318948	2.77E-05	0.990726
255	rest	0.0122596	0.000149785	0.000105214	4.54E-05	0.98744
256	rest	0.0177788	0.000375335	0.000518133	2.81E-05	0.9813
257	rest	0.0151992	0.000358627	8.90E-05	2.27E-05	0.984331
258	rest	0.00695617	2.33E-05	3.10E-05	1.54E-05	0.992974
259	rest	0.00687179	0.000214877	4.99E-05	3.97E-05	0.992824
260	rest	0.00394922	0.000130207	9.77E-05	8.34E-05	0.995739
261	rest	0.00188609	7.46E-05	1.49E-05	2.50E-05	0.997999
262	rest	0.000449856	2.32E-05	3.40E-05	2.34E-05	0.99947
263	rest	0.000372114	0.000116268	0.000285389	3.15E-05	0.999195
264	rest	0.000745574	0.00018502	0.000220444	0.000104422	0.998745
265	rest	0.000147568	1.59E-05	2.49E-06	2.25E-06	0.999832
266	rest	4.00E-05	5.55E-06	1.51E-06	1.85E-06	0.999951
267	rest	0.000180731	0.000150872	3.98E-05	5.08E-05	0.999578
268	rest	8.56E-05	7.98E-05	2.51E-05	3.97E-05	0.99977
269	rest	7.85E-05	6.37E-05	5.23E-05	2.71E-05	0.999778
270	rest	0.000139104	1.57E-05	2.99E-05	1.32E-05	0.999802
271	rest	0.000458553	3.03E-05	3.06E-05	3.37E-05	0.999447
272	rest	0.000108048	1.69E-05	4.12E-05	2.12E-05	0.999813
273	rest	0.000398662	7.78E-05	1.06E-05	1.28E-05	0.9995
274	rest	8.22E-05	1.13E-05	2.29E-05	1.06E-06	0.999883
275	rest	0.000207106	1.05E-05	6.15E-06	5.87E-06	0.99977
276	rest	0.00100224	5.17E-05	0.000203598	0.000189414	0.998553
277	rest	0.00597819	0.000652677	0.000146359	0.000177246	0.993046
278	rest	0.00595907	0.0013154	0.00036814	0.000275891	0.992081
279	rest	0.00204352	0.000327202	2.37E-05	3.76E-06	0.997602
280	rest	0.00069271	7.77E-05	2.63E-05	2.76E-05	0.999176
281	rest	0.000828705	0.000167894	0.000121082	0.000113102	0.998769
282	rest	0.00204804	0.000287603	4.30E-05	8.61E-05	0.997535
283	rest	0.00162992	0.000135583	2.41E-05	2.22E-05	0.998188
284	rest	7.87E-05	7.74E-06	7.61E-07	3.99E-07	0.999912
285	rest	0.000135638	2.85E-05	1.36E-05	7.87E-06	0.999814
286	rest	0.000163029	2.83E-05	4.09E-05	2.55E-06	0.999765
287	rest	0.000299176	3.15E-05	3.35E-05	2.20E-05	0.999614
288	rest	9.03E-05	1.39E-05	6.73E-06	5.00E-06	0.999884
289	rest	0.000437004	0.000103481	2.31E-05	7.94E-06	0.999428
290	rest	0.000493011	2.87E-05	3.12E-05	0.000206838	0.99924
291	rest	0.000410296	0.000105551	4.65E-05	7.42E-05	0.999363
292	rest	0.000941103	2.88E-05	0.000172565	4.90E-05	0.998809
293	rest	0.00315454	0.000273042	0.000181499	0.00177882	0.994612
294	rest	0.00118936	0.00026849	4.50E-05	6.11E-05	0.998436
295	rest	0.000913638	0.000178295	8.75E-05	2.46E-05	0.998796
296	rest	0.000506408	6.11E-05	3.11E-05	1.88E-05	0.999383
297	rest	0.000364543	3.89E-05	4.13E-06	3.16E-06	0.999589
298	rest	0.0007186	0.000103343	2.29E-05	7.06E-05	0.999085
299	rest	0.000112774	2.12E-05	4.84E-06	2.45E-06	0.999859
300	rest	0.000164145	4.50E-05	0.000212154	4.92E-05	0.99953
301	rest	0.00014833	3.77E-05	1.91E-05	1.87E-05	0.999776
302	rest	0.000530589	3.47E-05	1.28E-05	7.14E-05	0.99935
303	rest	0.000223146	7.47E-05	3.15E-05	3.67E-05	0.999634
304	rest	0.000315028	1.15E-05	1.92E-05	2.98E-06	0.999651
305	rest	0.00170635	0.000204859	0.000460374	0.000729047	0.996899
306	rest	0.000843346	0.000130355	2.71E-05	3.19E-05	0.998967
307	rest	0.00260981	0.00147554	0.000689053	0.000572589	0.994653
308	rest	0.0036127	0.000694411	9.28E-05	4.31E-05	0.995557
309	rest	0.00402538	0.00023118	6.27E-05	0.000100293	0.99558
310	rest	0.00428777	0.000166631	2.03E-05	5.69E-05	0.995468
311	rest	0.00191414	0.000176646	4.61E-05	8.17E-05	0.997781
312	rest	0.000806829	9.27E-05	4.66E-05	5.57E-06	0.999048
313	rest	8.16E-05	1.79E-05	2.51E-05	9.67E-06	0.999866
314	rest	0.000178529	5.06E-05	4.17E-05	1.23E-05	0.999717
315	rest	8.57E-05	1.88E-05	8.59E-06	5.88E-06	0.999881
316	rest	0.000124469	9.07E-06	6.91E-06	3.94E-06	0.999856
317	rest	0.000345299	2.69E-05	0.00027138	3.35E-05	0.999323
318	rest	0.000707428	4.17E-05	2.99E-05	7.75E-06	0.999213
319	rest	0.000312999	0.00012221	2.24E-05	1.59E-05	0.999527
320	rest	8.94E-05	2.28E-05	8.38E-06	8.27E-06	0.999871
321	rest	0.000294131	7.80E-05	1.83E-05	1.71E-05	0.999592
322	rest	0.00150432	0.00015649	9.37E-05	0.000267375	0.997978
323	rest	0.00265885	0.000360245	0.000234944	4.42E-05	0.996702
324	rest	0.00260305	0.000120255	8.05E-05	0.000114303	0.997082
325	rest	0.00314304	0.000417301	0.000147525	0.000152102	0.99614
326	rest	0.00194383	4.39E-05	1.96E-05	4.87E-05	0.997944
327	rest	0.00406355	0.00036959	0.000560944	6.30E-05	0.994943
328	rest	0.00495276	0.000127424	0.00020304	9.25E-05	0.994624
329	rest	0.00479017	8.92E-05	3.68E-05	4.96E-06	0.995079
330	rest	0.00427369	0.00010107	9.89E-05	4.05E-05	0.995486
331	rest	0.00375164	0.000239549	9.47E-05	5.91E-05	0.995855
332	rest	0.0020192	6.76E-05	5.16E-05	1.87E-05	0.997843
333	rest	0.00299436	0.000133089	0.000245609	0.000167001	0.99646
334	rest	0.00342588	0.000441625	9.33E-05	3.80E-05	0.996001
335	rest	0.00505944	0.000281205	0.000214548	4.00E-05	0.994405
336	rest	0.0047118	0.000463885	0.000175398	4.11E-05	0.994608
337	rest	0.00587214	0.000616576	0.000581968	0.000220085	0.992709
338	rest	0.0045008	0.000188299	8.17E-05	3.73E-05	0.995192
339	rest	0.00107761	5.57E-05	1.61E-05	2.97E-06	0.998848
340	rest	0.000774696	5.99E-05	0.00028675	2.59E-05	0.998853
341	rest	0.00116803	4.41E-05	5.97E-05	3.78E-05	0.99869
342	rest	0.00248767	8.38E-05	0.000308663	0.000479207	0.996641
343	rest	0.00593367	0.00050003	0.000102805	2.73E-05	0.993436
344	rest	0.012863	0.00169467	0.000414604	0.000827685	0.9842
345	rest	0.00251242	0.000226419	3.49E-05	5.88E-06	0.99722
346	rest	0.00155833	5.68E-05	8.39E-06	6.07E-06	0.99837
347	rest	0.000513909	7.40E-06	3.21E-06	1.39E-05	0.999462
348	rest	0.000593638	8.35E-05	8.13E-05	0.000438072	0.998804
349	rest	0.000245154	5.66E-05	2.46E-05	0.000217668	0.999456
350	rest	3.40E-05	2.35E-05	3.61E-06	2.05E-06	0.999937
351	rest	3.23E-05	1.11E-05	1.04E-05	1.29E-05	0.999933
352	rest	0.000114325	1.90E-05	8.91E-06	3.90E-06	0.999854
353	rest	9.13E-05	2.90E-05	1.88E-05	1.41E-05	0.999847
354	rest	2.17E-05	1.43E-05	2.56E-05	4.82E-06	0.999934
355	rest	2.83E-05	1.86E-05	4.52E-05	1.12E-05	0.999897
356	rest	0.00023388	5.59E-05	0.000110507	5.64E-05	0.999543
357	rest	0.00114289	0.000556992	9.25E-05	1.82E-05	0.998189
358	rest	0.00100353	0.000124861	0.000102495	1.45E-05	0.998755
359	rest	0.00141789	4.47E-05	4.20E-05	0.000170074	0.998325
360	rest	0.000933098	7.10E-05	6.38E-05	3.47E-05	0.998897
361	rest	0.00130453	0.000447419	5.09E-05	9.25E-05	0.998105
362	rest	0.000193314	3.29E-05	2.79E-05	5.30E-06	0.999741
363	rest	6.17E-05	5.97E-06	4.16E-06	1.15E-05	0.999917
364	rest	3.05E-05	1.01E-05	5.66E-06	1.22E-05	0.999942
365	rest	0.000177913	4.55E-05	0.000140539	1.67E-05	0.999619
366	rest	0.00182226	0.000110565	0.000297643	3.08E-05	0.997739
367	rest	0.00252404	9.31E-05	8.34E-05	9.58E-05	0.997204
368	rest	0.00233	8.14E-05	3.03E-05	9.52E-06	0.997549
369	rest	0.00162315	6.87E-05	7.29E-05	1.61E-05	0.998219
370	rest	0.00292186	0.000115108	0.000270336	8.50E-05	0.996608
371	rest	0.0038248	3.83E-05	9.04E-05	7.00E-05	0.995977
372	rest	0.00432877	0.000196642	7.17E-05	6.02E-05	0.995343
373	rest	0.00360053	0.000395532	5.28E-05	1.09E-05	0.99594
374	rest	0.00518049	0.00140134	0.000268395	0.000310569	0.992839
375	rest	0.00194606	0.000538069	8.26E-05	3.80E-05	0.997395
376	rest	0.000387363	6.15E-05	9.85E-06	8.06E-06	0.999533
377	rest	0.000278066	6.47E-05	1.56E-05	1.85E-05	0.999623
378	rest	7.92E-05	1.43E-05	1.11E-05	1.30E-05	0.999882
379	rest	7.42E-05	3.57E-05	2.91E-05	1.80E-05	0.999843
380	rest	0.000123901	3.71E-05	6.13E-05	4.08E-05	0.999737
381	rest	0.00011646	4.86E-05	1.71E-05	8.99E-06	0.999809
382	rest	0.000201843	7.54E-05	2.62E-05	8.25E-05	0.999614
383	rest	0.000418262	0.000154054	2.32E-05	6.47E-05	0.99934
384	rest	0.000717935	0.000386322	3.97E-05	4.46E-05	0.998811
385	rest	0.000715588	0.000263321	4.39E-05	2.04E-05	0.998957
386	rest	0.000513902	1.74E-05	5.77E-05	1.62E-06	0.999409
387	rest	0.00103681	0.000123291	0.00126808	0.000180079	0.997392
388	rest	0.000805069	2.97E-05	2.40E-05	4.16E-06	0.999137
389	rest	6.05E-05	1.39E-05	1.06E-05	6.02E-07	0.999914
390	rest	8.83E-05	8.79E-05	0.000152133	7.78E-05	0.999594
391	rest	0.000353908	0.000150355	2.57E-05	6.79E-05	0.999402
392	rest	0.000207005	9.54E-05	3.46E-05	2.28E-05	0.99964
393	rest	0.000276187	2.66E-05	1.64E-05	2.58E-05	0.999655
394	rest	0.000810305	4.73E-05	5.21E-05	1.39E-05	0.999076
395	rest	0.00517152	0.000310097	0.00039986	0.00104205	0.993076
396	rest	0.00269101	0.000607307	8.04E-05	1.36E-05	0.996608
397	rest	0.00124894	0.000325038	4.70E-05	2.72E-05	0.998352
398	rest	0.000930028	0.000677637	0.000204082	2.79E-05	0.99816
399	rest	0.000324127	0.000513266	2.89E-05	1.50E-06	0.999132
400	rest	0.000103956	1.24E-05	2.62E-06	1.08E-06	0.99988
401	rest	0.000151757	4.13E-05	2.11E-06	7.28E-06	0.999798
402	rest	1.42E-05	5.57E-06	9.22E-06	4.99E-06	0.999966
403	rest	0.000110051	3.24E-05	0.000378236	8.20E-05	0.999397
404	rest	0.000409323	0.000216444	0.000160824	1.24E-05	0.999201
405	rest	0.000397454	0.00016259	3.70E-05	2.59E-05	0.999377
406	rest	0.000169647	3.84E-05	1.84E-05	6.07E-05	0.999713
407	rest	0.000347199	3.98E-05	3.98E-06	6.03E-06	0.999603
408	rest	0.000138277	2.10E-05	3.25E-06	2.24E-05	0.999815
409	rest	0.000228859	2.16E-05	5.57E-06	2.31E-05	0.999721
410	rest	0.000247595	8.11E-05	3.03E-05	1.08E-05	0.99963
411	rest	0.000453335	6.23E-05	7.67E-05	1.67E-05	0.999391
412	rest	0.00144312	0.000454275	6.89E-05	2.55E-05	0.998008
413	rest	0.00456971	0.000675065	0.00066871	0.00029347	0.993793
414	rest	0.00445425	0.000377479	0.000166858	1.28E-05	0.994989
415	rest	0.00298716	3.92E-05	2.44E-05	1.03E-05	0.996939
416	rest	0.00169221	6.41E-05	3.15E-05	8.46E-06	0.998204
417	rest	0.000305155	1.44E-05	1.68E-05	1.95E-07	0.999663
418	rest	0.000617145	3.42E-05	0.000251294	1.98E-05	0.999078
419	rest	0.0011255	9.28E-05	4.67E-05	2.27E-05	0.998712
420	rest	0.000838148	4.33E-05	3.67E-06	3.46E-05	0.99908
421	rest	0.000205042	1.38E-05	1.67E-05	7.50E-05	0.999689
422	rest	1.93E-05	2.61E-05	1.54E-05	4.20E-06	0.999935
423	rest	7.66E-05	9.81E-06	1.31E-05	7.12E-06	0.999893
424	rest	0.000159102	1.27E-05	0.00015371	7.49E-06	0.999667
425	rest	0.00412479	2.56E-05	0.000171819	9.18E-05	0.995586
426	rest	0.0160046	0.000197254	0.00140113	0.000125125	0.982272
427	rest	0.0256409	0.000117505	0.000553503	4.08E-05	0.973647
428	rest	0.0345369	0.000478177	0.00134985	0.000119737	0.963515
429	rest	0.0319445	0.000280917	9.30E-05	1.55E-05	0.967666
430	rest	0.0274337	0.000140906	2.22E-05	1.54E-05	0.972388
431	rest	0.0274829	0.000442511	0.000200275	3.99E-05	0.971834
432	rest	0.0225703	0.000244947	6.50E-05	5.19E-05	0.977068
433	rest	0.0174293	0.000309445	3.73E-05	1.11E-05	0.982213
434	rest	0.005647	6.14E-05	3.32E-05	6.68E-06	0.994252
435	rest	0.00130886	2.36E-05	1.72E-05	1.85E-06	0.998648
436	rest	0.00164954	6.91E-05	0.000133569	9.06E-06	0.998139
437	rest	0.000899657	1.69E-05	3.43E-05	9.08E-06	0.99904
438	rest	0.00459086	2.63E-05	9.87E-05	1.99E-05	0.995264
439	rest	0.0112109	0.000292854	0.000863118	0.00032829	0.987305
440	rest	0.0218801	0.000308496	0.0010981	4.24E-05	0.976671
441	rest	0.0434098	0.000218747	0.00127133	0.000231091	0.954869
442	rest	0.0536353	0.000580193	0.00278215	0.00032693	0.942675
443	rest	0.0753082	0.000773818	0.00209625	0.000156407	0.921665
444	rest	0.0923383	0.000612891	0.00299558	0.000271776	0.903781
445	rest	0.133433	0.000530853	0.00276697	0.000809398	0.86246
446	rest	0.121717	0.000244888	2.47E-05	5.69E-06	0.878008
447	rest	0.0895789	0.000163518	9.27E-05	1.51E-05	0.91015
448	rest	0.0199396	5.63E-05	0.0001217	2.26E-05	0.97986
449	rest	0.0103014	1.02E-05	0.000248718	3.35E-05	0.989406
450	rest	0.0108442	0.000124099	7.79E-05	0.00012158	0.988832
451	rest	0.00237083	5.14E-05	4.43E-05	4.72E-06	0.997529
452	rest	0.00188485	0.000343815	8.15E-05	3.17E-05	0.997658
453	rest	0.00097658	0.00010685	0.000222908	6.74E-05	0.998626
454	rest	0.000234525	4.40E-05	9.35E-05	7.96E-06	0.99962
455	rest	0.000583402	9.25E-05	7.61E-05	3.63E-06	0.999244
456	rest	0.00118608	0.000135669	0.000103446	8.42E-05	0.998491
457	rest	0.000571542	8.30E-05	5.51E-05	6.38E-05	0.999227
458	rest	0.00034628	1.11E-05	9.54E-06	5.49E-05	0.999578
459	rest	0.000929906	0.000116849	0.000119954	0.000236639	0.998597
460	rest	0.0033992	0.000175991	0.000232167	0.000333683	0.995859
461	rest	0.00399122	0.000171838	0.000526719	2.07E-05	0.99529
462	rest	0.00618829	0.000250417	0.00116704	1.91E-05	0.992375
463	rest	0.0221861	0.00066373	0.00249155	0.00123629	0.973422
464	rest	0.0403744	0.000870307	0.00172705	0.00055381	0.956474
465	rest	0.0526606	0.000402511	0.000669076	9.08E-05	0.946177
466	rest	0.102937	0.000430428	0.00287888	0.000133738	0.89362
467	rest	0.130251	0.000532387	0.0072297	0.000123811	0.861864
468	rest	0.288422	0.0044396	0.0123928	0.00116606	0.693579
469	rest	0.281103	0.001757	0.00236017	0.000119862	0.71466
470	rest	0.260354	0.000651479	0.00100149	0.000196493	0.737796
471	rest	0.269209	0.000312132	0.000269549	5.03E-05	0.730159
472	rest	0.265722	0.000140866	0.00010716	5.00E-05	0.73398
473	rest	0.218253	0.000244313	0.000152274	3.50E-06	0.781347
474	rest	0.189392	5.32E-05	0.00254451	9.75E-05	0.807912
475	rest	0.2149	0.000181452	0.000208977	0.000228551	0.784481
476	rest	0.221069	0.000555116	0.00308799	0.00139659	0.773892
477	rest	0.22682	0.000811847	0.00195327	0.000335613	0.770079
478	rest	0.242105	0.000905619	0.00475537	0.000310002	0.751924
479	rest	0.292519	0.00104106	0.00538215	0.00152314	0.699535
480	rest	0.383798	0.00207745	0.0024557	0.000708714	0.61096
481	rest	0.424277	0.0029855	0.0185319	0.00075104	0.553455
482	rest	0.470951	0.00294181	0.000509367	0.000631761	0.524967
483	rest	0.476164	0.00661722	0.00163187	0.00108666	0.5145
484	rest	0.431181	0.00495033	0.000237049	8.56E-06	0.563623
485	rest	0.415888	0.00531137	0.00186038	0.000289199	0.576651
486	rest	0.346611	0.00141436	0.000157278	7.01E-06	0.65181
487	rest	0.330437	0.00227779	0.000134907	6.15E-05	0.667089
488	rest	0.310346	0.00256886	0.000481295	0.00014292	0.686461
489	rest	0.110176	0.0003077	8.48E-05	1.58E-05	0.889415
490	rest	0.0820485	2.55E-05	0.000133455	1.05E-05	0.917782
491	rest	0.066395	1.60E-05	0.00010817	1.32E-05	0.933468
492	rest	0.0517623	3.49E-05	0.000133671	0.000177333	0.947892
493	rest	0.000233619	3.19E-06	1.62E-06	1.22E-06	0.99976
494	rest	0.000225887	2.76E-05	0.000149049	5.84E-05	0.999539
495	rest	0.0001626	1.28E-05	6.04E-05	2.61E-05	0.999738
496	rest	0.000473241	7.74E-06	6.33E-05	1.60E-05	0.99944
497	rest	0.00477417	0.000362158	0.000397049	0.000344818	0.994122
498	rest	0.002627	0.000173635	0.00011776	5.04E-05	0.997031
499	rest	0.00194512	0.000699937	0.000168497	4.33E-05	0.997143
500	rest	0.000713693	0.00014972	2.89E-05	1.29E-05	0.999095
501	rest	0.000799302	8.51E-05	5.58E-05	4.49E-05	0.999015
502	rest	0.000135953	5.14E-05	8.15E-06	8.68E-06	0.999796
503	rest	8.22E-05	4.13E-05	4.57E-05	4.98E-05	0.999781
504	rest	0.000161344	5.63E-05	0.000245812	2.87E-05	0.999508
505	rest	0.000383479	0.000112079	0.00057278	9.18E-05	0.99884
506	rest	0.000309666	7.76E-05	9.93E-05	9.02E-06	0.999504
507	rest	8.34E-05	9.83E-05	2.77E-05	5.16E-05	0.999739
508	rest	0.000132963	0.000114339	1.47E-05	1.86E-06	0.999736
509	rest	0.000242667	0.000102292	5.13E-05	0.000101372	0.999502
510	rest	0.000126634	2.10E-05	5.14E-06	8.43E-06	0.999839
511	rest	0.000376402	8.41E-05	6.57E-05	3.60E-05	0.999438
512	rest	0.000115994	7.99E-06	9.27E-06	6.72E-06	0.99986
513	rest	5.26E-05	3.78E-06	1.86E-05	0.00011906	0.999806
514	rest	5.58E-05	1.45E-05	3.53E-05	3.15E-05	0.999863
515	rest	0.000341653	8.22E-05	0.0002054	0.000107517	0.999263
516	rest	8.15E-05	1.15E-05	2.70E-05	3.96E-06	0.999876
517	rest	0.000501758	7.12E-05	0.000344995	6.67E-05	0.999015
518	rest	0.00190057	0.000147167	0.000225476	0.000128015	0.997599
519	rest	0.0185863	0.00330883	0.0158237	0.00383843	0.958443
520	rest	0.0254605	0.00883794	0.0249081	0.00307175	0.937722
521	rest	0.054526	0.0178871	0.00187527	0.00118126	0.92453
522	rest	0.0132157	0.000928944	1.19E-05	1.74E-06	0.985842
523	rest	0.0131397	0.000336348	6.78E-05	2.58E-05	0.98643
524	rest	0.010161	9.01E-05	6.72E-05	2.60E-05	0.989656
525	rest	0.000326248	3.98E-06	1.32E-06	1.16E-06	0.999667
526	rest	0.000600063	2.68E-05	8.93E-05	1.06E-05	0.999273
527	rest	0.00257171	9.12E-05	0.000526473	3.09E-05	0.99678
528	rest	0.00461484	0.000116168	0.000421283	6.01E-05	0.994788
529	rest	0.00945628	0.00056648	0.00143062	0.000255416	0.988291
530	rest	0.00859026	0.00023638	0.000170843	1.72E-05	0.990985
531	rest	0.00967819	0.000147296	0.000527367	6.14E-05	0.989586
532	rest	0.00939885	0.000479224	0.000474285	1.78E-05	0.98963
533	rest	0.0097154	0.000338795	0.000972277	3.87E-05	0.988935
534	rest	0.0092643	0.000172195	0.00061635	5.66E-05	0.989891
535	rest	0.0105411	0.000387889	0.00100299	0.000234744	0.987833
536	rest	0.0111019	0.00051894	5.27E-05	7.13E-05	0.988255
537	rest	0.00699267	0.000373377	5.46E-05	4.34E-05	0.992536
538	rest	0.00418869	8.29E-05	1.55E-05	1.61E-05	0.995697
539	rest	0.00336984	9.28E-05	3.91E-05	1.45E-05	0.996484
540	rest	0.000392753	2.39E-05	1.06E-05	1.53E-06	0.999571
541	rest	0.000316843	0.000384149	3.44E-05	1.52E-05	0.999249
542	rest	0.000376226	9.40E-05	9.34E-06	6.73E-06	0.999514
543	rest	0.00159404	0.000102541	0.000681401	1.66E-05	0.997605
544	rest	0.00427934	0.000138859	0.000217612	0.000176123	0.995188
545	rest	0.0121627	0.000227279	4.03E-05	5.51E-05	0.987515
546	rest	0.0158836	0.000884713	0.000400415	8.27E-05	0.982749
547	rest	0.00495733	6.98E-05	1.05E-05	3.23E-05	0.99493
548	rest	0.00206277	5.98E-05	0.000106904	0.000205592	0.997565
549	rest	0.000556924	6.86E-05	8.21E-06	7.85E-06	0.999358
550	rest	5.32E-05	6.38E-06	1.29E-06	7.02E-07	0.999938
551	rest	2.28E-05	5.12E-06	2.34E-06	2.48E-06	0.999967
552	rest	2.85E-05	3.61E-06	2.03E-05	3.47E-06	0.999944
553	rest	0.000146407	2.20E-05	0.000100314	2.70E-05	0.999704
554	rest	0.000570524	1.10E-05	9.43E-06	4.23E-06	0.999405
555	rest	0.00257112	0.000164374	0.000149929	5.78E-05	0.997057
556	rest	0.00286862	0.00013779	0.000104668	3.52E-05	0.996854
557	rest	0.00210028	5.84E-05	1.14E-05	3.98E-05	0.99779
558	rest	0.000601215	3.42E-05	1.14E-05	5.01E-06	0.999348
559	rest	0.000118944	4.16E-05	8.56E-06	1.45E-06	0.999829
560	rest	0.000192398	4.09E-05	0.000108918	2.86E-05	0.999629
561	rest	0.00028469	5.06E-05	3.41E-05	1.42E-05	0.999616
562	rest	0.000610883	0.000214733	0.000138051	0.000283195	0.998753
563	rest	0.0014772	0.000290552	0.000120959	1.21E-05	0.998099
564	rest	0.00188596	0.000502531	0.000136612	2.21E-05	0.997453
565	rest	0.00246983	0.000507749	0.000181982	0.000103247	0.996737
566	rest	0.00157909	0.000253094	2.96E-05	5.04E-06	0.998133
567	rest	0.000173193	8.78E-06	1.50E-05	4.23E-06	0.999799
568	rest	0.000316044	4.55E-05	1.27E-05	1.86E-05	0.999607
569	rest	0.000311173	2.29E-05	3.51E-05	6.80E-06	0.999624
570	rest	0.00136111	0.000210311	0.000637802	0.00016816	0.997623
571	rest	0.000818018	9.00E-05	0.000124949	4.59E-05	0.998921
572	rest	0.000307725	4.12E-05	4.36E-05	8.45E-06	0.999599
573	rest	0.000236357	9.95E-05	3.67E-05	5.19E-05	0.999576
574	rest	0.000163865	6.62E-05	4.95E-05	0.000647663	0.999073
575	rest	0.000931109	0.000928385	5.96E-05	9.03E-05	0.997991
576	rest	0.00208157	0.00355405	0.000433629	0.00025608	0.993675
577	rest	0.0193647	0.00937484	0.000370294	0.0127255	0.958165
578	rest	0.0150899	0.0210143	0.000448487	4.88E-05	0.963398
579	rest	0.0145848	0.016871	0.0011625	0.000697809	0.966684
580	rest	0.0007759	0.000827711	3.12E-05	9.87E-07	0.998364
581	rest	0.000393794	0.000168011	6.80E-05	2.88E-05	0.999341
582	rest	0.000588311	0.000393753	9.30E-05	2.54E-05	0.9989
583	rest	0.00245643	0.001094	0.000155633	0.000234963	0.996059
584	rest	0.00324666	0.00213233	9.09E-05	8.73E-06	0.994521
585	rest	0.00111754	0.000329411	3.42E-05	7.05E-06	0.998512
586	rest	0.0007869	5.95E-05	1.56E-05	3.60E-06	0.999134
587	rest	0.000295469	5.46E-05	4.21E-05	1.21E-05	0.999596
588	rest	0.000474586	2.62E-05	3.12E-05	7.08E-05	0.999397
589	rest	0.000545972	0.000176891	2.03E-05	5.49E-05	0.999202
590	rest	0.000314377	1.72E-05	1.89E-05	4.13E-06	0.999645
591	rest	0.00178482	0.00029067	0.000703951	6.87E-05	0.997152
592	rest	0.00190952	0.000149284	0.000247574	3.15E-05	0.997662
593	rest	0.00108363	0.000229378	8.78E-05	4.41E-05	0.998555
594	rest	0.000456881	0.00016487	2.97E-05	7.04E-05	0.999278
595	rest	1.13E-05	6.75E-06	4.94E-06	1.92E-06	0.999975
596	rest	6.58E-05	1.41E-05	1.31E-05	1.71E-05	0.99989
597	rest	6.52E-05	4.62E-05	8.81E-05	1.36E-05	0.999787
598	rest	0.000263548	0.000110524	0.000334441	0.000124376	0.999167
599	rest	8.34E-05	2.96E-05	2.38E-05	2.64E-06	0.999861
600	rest	9.90E-06	1.74E-06	6.04E-06	2.21E-06	0.99998
601	rest	0.000103738	7.00E-05	0.000107013	2.01E-05	0.999699
602	rest	0.000180335	2.75E-05	5.46E-05	6.34E-05	0.999674
603	rest	0.00163486	0.000864704	0.00031354	0.00228204	0.994905
604	rest	0.00487114	0.0045971	0.000235352	8.92E-05	0.990207
605	rest	0.00498414	0.00443652	8.97E-05	9.59E-05	0.990394
606	rest	0.00380503	0.00272866	9.42E-05	3.71E-05	0.993335
607	rest	0.00268954	0.00190889	0.000137034	5.11E-05	0.995213
608	rest	0.0030887	0.00114818	0.000273676	2.39E-05	0.995466
609	rest	0.00256394	0.000183666	2.07E-05	1.53E-05	0.997216
610	rest	0.00300239	0.000180195	3.82E-05	4.61E-05	0.996733
611	rest	0.00227367	0.000236688	0.000135231	6.93E-05	0.997285
612	rest	0.00101586	0.000106443	1.07E-05	3.31E-05	0.998834
613	rest	0.000424876	1.18E-05	9.44E-06	3.87E-06	0.99955
614	rest	0.000614267	4.10E-05	2.58E-05	4.07E-05	0.999278
615	rest	0.000338736	5.83E-05	2.09E-05	8.92E-06	0.999573
616	rest	0.000367234	3.11E-05	1.49E-05	2.99E-06	0.999584
617	rest	0.000341754	0.000109345	0.000195106	1.84E-05	0.999335
618	rest	0.000947308	0.000185581	9.38E-05	0.000243764	0.99853
619	rest	0.00132759	0.000303519	7.04E-05	3.49E-05	0.998264
620	rest	0.00204746	0.000388022	0.000193772	1.11E-05	0.99736
621	rest	0.00381247	0.00016557	8.06E-05	3.60E-05	0.995905
622	rest	0.00454616	0.000168039	8.65E-05	1.56E-05	0.995184
623	rest	0.0095092	0.000140205	0.00121155	0.0001507	0.988988
624	rest	0.0227353	0.000223212	0.00226067	0.000126888	0.974654
625	rest	0.0487902	0.00201263	0.0316188	0.000388116	0.91719
626	face	0.225367	0.00130305	0.00789324	0.00079755	0.764639
627	face	0.368846	0.00138484	0.0240267	0.0113493	0.594393
628	face	0.505121	0.00215316	0.00229577	0.000574487	0.489856
629	face	0.588048	0.00114181	0.0201074	0.000419374	0.390283
630	face	0.607289	0.000696759	0.00301774	9.29E-05	0.388904
631	face	0.652806	0.00351631	0.070416	0.00240374	0.270857
632	face	0.773514	0.0144861	0.0456326	0.00444753	0.16192
633	face	0.884578	0.0257395	0.0394991	0.00433854	0.0458448
634	face	0.924218	0.0441488	0.0182712	0.00192882	0.0114332
635	face	0.931446	0.0494531	0.00979376	8.07E-05	0.0092268
636	face	0.939037	0.0368579	0.00691496	3.64E-05	0.0171533
637	face	0.968997	0.0129326	0.000555122	1.98E-05	0.0174955
638	face	0.966704	0.00894675	0.000248993	4.45E-05	0.0240558
639	face	0.953195	0.0072715	0.00114038	0.000231284	0.0381623
640	face	0.875075	0.00223211	5.71E-05	4.58E-05	0.12259
641	rest	0.346345	0.000837421	0.000279921	0.000173604	0.652365
642	rest	0.207064	0.00064975	0.000111115	0.000303762	0.791871
643	rest	0.0906613	0.000248715	0.00016887	0.000270277	0.908651
644	rest	0.0466212	0.000136911	3.52E-05	1.46E-05	0.953192
645	rest	0.0117935	2.07E-05	2.98E-05	3.93E-06	0.988152
646	rest	0.0111658	1.75E-05	4.72E-05	3.84E-05	0.988731
647	rest	0.0111649	5.59E-05	7.96E-05	0.000617145	0.988082
648	rest	0.000135666	2.61E-05	5.37E-06	1.44E-06	0.999831
649	rest	6.14E-05	7.38E-05	8.04E-05	3.69E-06	0.999781
650	rest	0.000282318	7.33E-05	0.0001472	2.10E-05	0.999476
651	rest	0.000492845	0.000151742	2.79E-05	9.27E-06	0.999318
652	rest	0.000190898	5.30E-05	2.33E-05	7.88E-06	0.999725
653	rest	0.00014047	1.49E-05	6.62E-06	2.96E-06	0.999835
654	rest	0.000205248	9.61E-05	4.77E-05	2.41E-06	0.999649
655	rest	0.000669342	2.85E-05	4.13E-05	7.30E-05	0.999188
656	rest	0.00135983	8.67E-05	5.80E-06	0.000323044	0.998225
657	rest	0.000513294	1.15E-05	3.05E-05	1.94E-05	0.999425
658	rest	0.000826538	0.00036603	3.13E-05	1.33E-05	0.998763
659	rest	0.000729934	1.38E-05	1.08E-05	5.89E-06	0.99924
660	rest	0.00365695	5.69E-05	0.000252859	4.67E-05	0.995987
661	rest	0.00505097	0.000335075	0.0010565	0.000107735	0.99345
662	rest	0.00749279	0.000770717	4.64E-05	0.000268032	0.991422
663	rest	0.00226762	0.000262051	2.96E-05	1.70E-05	0.997424
664	rest	0.000256399	2.82E-05	9.79E-06	1.01E-05	0.999696
665	rest	2.80E-05	2.46E-06	1.03E-06	7.89E-08	0.999968
666	rest	2.02E-05	1.51E-05	3.58E-05	2.55E-05	0.999903
667	rest	4.58E-05	5.28E-05	0.00023002	1.18E-05	0.99966
668	rest	4.25E-05	1.40E-05	3.31E-06	1.51E-05	0.999925
669	rest	3.16E-05	1.10E-05	1.37E-05	3.86E-06	0.99994
670	rest	0.000286064	3.36E-05	1.53E-05	7.91E-06	0.999657
671	rest	0.000182826	3.01E-05	1.01E-05	4.46E-05	0.999732
672	rest	0.000210807	2.56E-05	4.93E-05	1.65E-05	0.999698
673	rest	0.00143806	8.03E-05	0.000206899	5.47E-05	0.99822
674	rest	0.00264286	7.34E-05	0.000348659	0.000350907	0.996584
675	rest	0.00348665	4.41E-05	0.000127325	2.31E-05	0.996319
676	rest	0.0111483	0.00012901	0.000995661	0.000261102	0.987466
677	rest	0.0203336	0.000163744	0.00162942	0.00025037	0.977623
678	rest	0.0826347	0.00121947	0.00928096	0.00298858	0.903876
679	rest	0.164569	0.00133537	0.018534	0.00423829	0.811323
680	rest	0.223973	0.000589633	0.000757256	0.000683326	0.773997
681	rest	0.247034	0.0008945	0.00228224	0.000596124	0.749193
682	rest	0.272735	0.00280574	0.00328343	0.000257443	0.720919
683	rest	0.296947	0.00406959	0.00309586	0.0100999	0.685787
684	rest	0.307394	0.00979331	0.00617871	0.00335706	0.673277
685	rest	0.341152	0.0164077	0.00447354	3.71E-05	0.63793
686	rest	0.396187	0.00929474	0.00442321	0.00011192	0.589983
687	rest	0.607171	0.0059549	0.0100822	0.000723638	0.376068
688	rest	0.684466	0.00425072	0.00544013	0.00012007	0.305723
689	rest	0.693971	0.0032151	0.00310052	0.000147543	0.299566
690	rest	0.738749	0.00266767	0.00314237	0.00084224	0.254598
691	rest	0.851271	0.00662204	0.0206519	0.00116166	0.120294
692	rest	0.885137	0.00734115	0.00204802	0.0003189	0.105155
693	rest	0.880211	0.0107315	0.00110077	7.92E-05	0.107877
694	rest	0.860366	0.0147467	0.000467524	0.000302059	0.124118
695	rest	0.743197	0.0216772	0.000735812	0.000118421	0.234271
696	rest	0.60361	0.0182821	0.000127274	5.27E-06	0.377975
697	rest	0.340209	0.00306816	0.000111592	3.19E-05	0.65658
698	rest	0.178983	0.000610043	2.27E-05	2.63E-05	0.820358
699	rest	0.0593854	0.00025699	0.000197772	0.000150473	0.940009
700	rest	0.0392481	4.55E-05	0.000176548	2.29E-05	0.960507
701	rest	0.0472165	0.000399419	0.000417013	0.000626273	0.951341
702	rest	0.0350491	0.000121767	8.75E-06	1.14E-05	0.964809
703	rest	0.0300491	0.000100604	0.000210285	0.000155734	0.969484
704	rest	0.0265612	0.000111192	8.87E-05	3.27E-05	0.973206
705	rest	0.0239752	0.000643089	0.000903111	3.56E-05	0.974443
706	rest	0.0188657	0.000354389	0.000579813	1.64E-05	0.980184
707	rest	0.0141054	0.000145688	0.000182473	1.66E-05	0.98555
708	rest	0.0126512	0.000156501	0.00022618	0.000390165	0.986576
709	rest	0.00901775	0.000128391	0.000226917	3.21E-05	0.990595
710	rest	0.00799211	8.49E-05	0.000190412	1.92E-05	0.991713
711	rest	0.0128673	0.000342449	0.000492342	0.000611799	0.985686
712	rest	0.0170885	0.00132722	0.000237117	0.000187626	0.98116
713	rest	0.0109998	0.000594619	1.83E-05	8.96E-05	0.988298
714	rest	0.00266675	0.000492442	7.33E-05	0.000451622	0.996316
715	rest	0.00029578	0.000202313	3.86E-05	1.63E-05	0.999447
716	rest	9.03E-05	2.32E-05	2.30E-05	1.61E-05	0.999847
717	rest	5.84E-05	3.19E-05	1.41E-05	3.20E-06	0.999892
718	rest	8.11E-05	1.32E-05	9.29E-06	1.94E-05	0.999877
719	rest	5.60E-05	1.12E-05	2.58E-06	8.27E-06	0.999922
720	rest	0.000177166	0.000188097	0.000169684	6.39E-05	0.999401
721	rest	0.000266365	0.000139192	3.39E-05	1.06E-05	0.99955
722	rest	0.000196303	0.00042559	0.000182622	8.56E-05	0.99911
723	rest	0.000647519	0.00161216	0.00036664	0.000389262	0.996984
724	rest	0.00110345	0.00326546	0.000179971	0.000141533	0.99531
725	rest	0.000963925	0.00235628	0.000114099	0.000142002	0.996424
726	rest	0.000602213	0.00130255	0.000117718	3.48E-05	0.997943
727	rest	7.32E-05	0.000234077	1.74E-05	5.30E-05	0.999622
728	rest	1.62E-05	4.59E-05	4.31E-05	5.19E-05	0.999843
729	rest	5.96E-05	6.36E-05	3.79E-05	4.67E-05	0.999792
730	rest	4.34E-05	5.06E-05	5.06E-05	3.78E-05	0.999818
731	rest	5.43E-05	2.33E-05	2.86E-05	5.21E-05	0.999842
732	rest	1.14E-05	1.06E-05	2.45E-05	3.50E-06	0.99995
733	rest	0.000238128	0.000139496	0.00102807	0.000250739	0.998344
734	rest	0.0024136	0.00153428	0.00553049	0.00121643	0.989305
735	rest	0.00753472	0.0060449	0.00591308	0.000129136	0.980378
736	rest	0.00962256	0.00506721	0.00165954	0.000293407	0.983357
737	rest	0.00841974	0.00240453	0.000107816	9.78E-05	0.98897
738	rest	0.00568837	0.00260499	0.000661543	0.00180894	0.989236
739	rest	0.00297749	0.00208407	0.000254802	2.17E-05	0.994662
740	rest	0.00394526	0.00112577	0.000348834	0.000140501	0.99444
741	rest	0.0040102	0.000473521	2.54E-05	7.67E-05	0.995414
742	rest	0.00201981	0.000235572	1.08E-05	9.18E-06	0.997725
743	rest	0.00112228	0.000266878	5.87E-05	5.26E-05	0.998499
744	rest	0.000186051	9.54E-05	2.11E-06	8.39E-06	0.999708
745	rest	4.35E-05	2.12E-05	5.77E-06	1.71E-06	0.999928
746	rest	7.30E-05	1.97E-05	1.68E-05	3.60E-06	0.999887
747	rest	0.000654707	0.000293165	0.000204283	0.000172909	0.998675
748	rest	0.00103231	0.000190558	0.000118367	1.20E-05	0.998647
749	rest	0.00235643	7.03E-05	2.01E-05	1.81E-05	0.997535
750	rest	0.00151183	7.72E-05	0.000342361	0.00012246	0.997946
751	rest	0.000545618	7.83E-05	2.24E-05	2.84E-05	0.999325
752	rest	0.000150146	2.58E-05	2.51E-06	1.26E-06	0.99982
753	rest	0.000157144	1.95E-05	2.64E-05	6.72E-06	0.99979
754	rest	2.31E-05	1.46E-05	9.17E-06	7.38E-07	0.999952
755	rest	3.66E-05	1.92E-05	1.30E-05	7.55E-06	0.999924
756	rest	0.000679168	0.000102877	0.000143925	0.000101051	0.998973
757	rest	0.00184528	6.16E-05	0.000103783	8.73E-05	0.997902
758	rest	0.0026169	2.98E-05	5.46E-05	9.41E-06	0.997289
759	rest	0.0112409	0.000268628	0.00319578	7.66E-05	0.985218
760	rest	0.0305514	0.00148617	0.0118717	0.000982052	0.955109
761	rest	0.101092	0.00864219	0.0419444	0.00483659	0.843485
762	rest	0.133733	0.0143535	0.00473071	0.000341929	0.846841
763	rest	0.128955	0.0170857	0.00103763	5.79E-05	0.852864
764	rest	0.0280964	0.00228711	0.000643637	1.84E-05	0.968954
765	rest	0.0182477	0.000434423	6.16E-05	9.49E-05	0.981161
766	rest	0.00756693	6.81E-05	2.58E-05	3.78E-06	0.992335
767	rest	0.00316358	0.000140261	6.01E-05	5.34E-06	0.996631
768	rest	0.00199665	7.75E-05	9.56E-05	2.63E-05	0.997804
769	rest	0.00175248	4.79E-05	0.000448698	8.26E-05	0.997668
770	rest	0.00141657	0.000109347	5.09E-05	4.51E-06	0.998419
771	rest	0.00383385	0.000299978	0.000719597	0.000519819	0.994627
772	rest	0.00295785	0.000460931	4.95E-05	1.20E-05	0.99652
773	rest	0.00150538	4.84E-05	1.66E-05	2.39E-06	0.998427
774	rest	0.00127998	6.04E-05	7.93E-05	0.000190539	0.99839
775	rest	0.000254341	3.88E-05	4.38E-05	2.97E-06	0.99966
776	rest	0.000191581	4.21E-05	0.000365464	7.82E-05	0.999323
777	rest	0.000398455	4.91E-05	0.000113678	8.68E-06	0.99943
778	rest	0.00200163	0.000228135	0.000351206	0.000129234	0.99729
779	rest	0.00392527	0.000473565	0.000181403	9.53E-05	0.995324
780	rest	0.0037996	0.000706888	2.63E-05	0.000120255	0.995347
781	rest	0.00201173	0.000894622	3.15E-05	2.23E-06	0.99706
782	rest	0.00128837	0.000396464	2.68E-05	5.32E-06	0.998283
783	rest	0.000422345	5.88E-05	9.09E-05	1.54E-05	0.999413
784	rest	0.000432582	4.88E-05	5.05E-05	7.08E-06	0.999461
785	rest	0.00146975	0.000101767	0.000165087	4.01E-05	0.998223
786	rest	0.00133308	0.000293103	5.88E-05	0.000694662	0.99762
787	rest	0.000124184	0.000137486	5.59E-05	1.40E-05	0.999668
788	rest	0.000216309	0.000111499	0.000508057	2.59E-05	0.999138
789	rest	0.00113425	0.00136765	0.00112919	0.000784003	0.995585
790	rest	0.00211108	0.00299588	0.00209988	0.000288256	0.992505
791	rest	0.00216956	0.00218871	0.000513047	8.77E-05	0.995041
792	rest	0.000735456	0.0004013	6.17E-05	7.90E-06	0.998794
793	rest	0.000214345	6.85E-05	3.50E-05	2.75E-05	0.999655
794	rest	2.55E-05	1.08E-05	2.19E-05	6.08E-05	0.999881
795	rest	2.54E-05	3.72E-05	4.18E-05	7.56E-05	0.99982
796	rest	2.67E-05	3.06E-05	5.74E-05	6.54E-05	0.99982
797	rest	1.49E-05	1.32E-05	2.71E-05	1.90E-05	0.999926
798	rest	3.21E-05	4.26E-05	3.27E-05	1.93E-05	0.999873
799	rest	2.73E-05	1.91E-05	1.82E-05	3.82E-06	0.999932
800	rest	1.56E-05	9.61E-06	4.49E-05	4.60E-06	0.999925
801	rest	5.35E-05	1.18E-05	3.20E-05	3.18E-06	0.999899
802	rest	0.00122405	4.01E-05	9.43E-05	0.000277909	0.998364
803	rest	0.00263658	0.000136794	0.000864897	0.000386026	0.995976
804	rest	0.0105278	0.000399037	0.00114799	0.000646107	0.987279
805	rest	0.0445348	0.00227569	0.017073	0.00256284	0.933554
806	face	0.343264	0.0276158	0.0908223	0.00937397	0.528924
807	face	0.594617	0.0222428	0.0116991	0.00274327	0.368698
808	face	0.680967	0.0185683	0.0181447	0.00170225	0.280618
809	face	0.712492	0.00840675	0.00729447	0.000836218	0.27097
810	face	0.750012	0.00542377	0.00141938	0.000706746	0.242438
811	face	0.816255	0.0028546	0.00140732	0.00017655	0.179306
812	face	0.906969	0.00189376	0.00100555	0.000530078	0.0896016
813	face	0.919706	0.00103574	0.00109991	6.05E-05	0.0780982
814	face	0.91585	0.000490748	0.00107257	0.000262004	0.0823246
815	face	0.926468	0.000358217	0.00070995	0.000127101	0.0723371
816	face	0.935837	0.000309524	0.00162254	0.000385383	0.0618459
817	face	0.917945	0.000636295	0.000163286	3.60E-05	0.0812192
818	face	0.909006	0.000935117	6.49E-05	0.000183759	0.0898099
819	face	0.906131	0.000736693	3.53E-05	1.61E-05	0.0930814
820	face	0.895887	0.000810905	0.000376633	1.48E-05	0.10291
821	face	0.889094	0.000940018	0.000113961	6.02E-05	0.109792
822	face	0.865467	0.00165483	0.000221341	2.97E-05	0.132627
823	face	0.852137	0.00215813	0.000764498	0.000154779	0.144786
824	face	0.846741	0.00133606	0.00568887	0.000141331	0.146093
825	face	0.851477	0.00105184	0.000211812	6.70E-06	0.147253
826	face	0.854796	0.000834947	0.00263747	0.000692716	0.141039
827	face	0.864302	0.00138725	0.000643271	0.000492505	0.133175
828	face	0.86752	0.00190711	0.000141645	0.000317007	0.130115
829	face	0.877257	0.00270287	0.00192897	8.58E-05	0.118025
830	face	0.873128	0.00345344	0.000684269	1.95E-05	0.122715
831	face	0.870328	0.00393798	0.000191563	0.000159582	0.125383
832	face	0.918609	0.00365536	0.0164739	0.00555075	0.0557114
833	face	0.977863	0.00863403	0.00176643	6.68E-05	0.0116693
834	face	0.982976	0.00786647	0.00122326	2.10E-05	0.0079134
835	face	0.992911	0.00267125	6.33E-05	0.000215053	0.00413918
836	face	0.992754	0.00291166	1.00E-04	4.98E-05	0.00418508
837	face	0.989234	0.0028888	0.000106211	5.50E-05	0.00771641
838	face	0.985541	0.00385292	0.000325023	0.00019611	0.0100847
839	face	0.9829	0.00569934	0.00033998	0.000184247	0.0108763
840	face	0.967434	0.0102767	0.00300861	8.68E-05	0.0191938
841	face	0.960235	0.0115631	0.000201294	2.26E-05	0.0279782
842	face	0.924979	0.0102348	0.000144098	2.93E-05	0.0646126
843	face	0.58869	0.0024872	1.14E-05	6.74E-05	0.408744
844	rest	0.139082	0.000522381	7.31E-05	2.37E-05	0.860299
845	rest	0.0960468	0.0005859	0.000100758	6.90E-05	0.903198
846	rest	0.0814402	0.000850855	0.00037583	0.000146664	0.917186
847	rest	0.0638829	0.000905169	0.000255729	0.000736707	0.934219
848	rest	0.0342648	0.00145692	0.000106373	4.43E-05	0.964128
849	rest	0.026889	0.000701122	0.00010897	1.01E-05	0.972291
850	rest	0.0284523	0.0013516	0.000200842	4.28E-05	0.969953
851	rest	0.0243265	0.000875353	3.16E-05	0.000134162	0.974632
852	rest	0.0174123	0.00147727	6.75E-05	0.000397117	0.980646
853	rest	0.00633416	0.00261856	0.000286366	0.00126196	0.989499
854	rest	0.00378684	0.00685179	0.000738092	0.000174966	0.988448
855	rest	0.00439466	0.00966329	0.00226095	0.00320271	0.980478
856	rest	0.00406474	0.0133407	0.00132085	0.000351769	0.980922
857	rest	0.00268246	0.00694236	0.000513274	0.000491795	0.98937
858	rest	0.0012633	0.00178863	2.95E-05	3.62E-05	0.996882
859	rest	0.000209068	0.000106075	2.84E-05	8.63E-05	0.99957
860	rest	0.000101375	5.32E-05	0.000108755	5.67E-05	0.99968
861	rest	5.81E-05	7.92E-05	2.43E-05	5.08E-05	0.999788
862	rest	2.27E-05	2.44E-05	1.34E-05	4.32E-05	0.999896
863	rest	5.15E-05	3.07E-05	6.35E-05	6.96E-06	0.999847
864	rest	0.000473966	0.000149095	0.000119727	0.000175099	0.999082
865	rest	0.000238833	0.000171134	5.84E-05	0.000255767	0.999276
866	rest	9.13E-05	0.000329955	0.000236472	9.42E-05	0.999248
867	rest	0.000975553	0.00050829	0.000168188	0.000353975	0.997994
868	rest	0.00245436	0.000436241	0.000622376	0.000920324	0.995567
869	rest	0.00910247	0.00153685	0.000528278	0.000115442	0.988717
870	rest	0.0179692	0.00195377	0.00159056	0.000341654	0.978145
871	rest	0.0363753	0.000899877	0.00705067	0.000377531	0.955297
872	rest	0.0909595	0.00245314	0.0608893	0.00232478	0.843373
873	rest	0.173734	0.00362179	0.0122796	0.000735864	0.809628
874	rest	0.210201	0.00303251	0.00511709	0.00106068	0.780589
875	rest	0.212329	0.00209605	0.000402504	5.68E-05	0.785115
876	rest	0.222408	0.00408665	0.00103904	0.000554264	0.771912
877	rest	0.237502	0.00928333	0.00781747	0.00173858	0.743659
878	rest	0.338358	0.0301116	0.0127419	0.00856689	0.610221
879	rest	0.358966	0.0506751	0.0130207	0.00592975	0.571409
880	rest	0.425794	0.0891015	0.00273208	0.00124324	0.481129
881	rest	0.429173	0.118072	0.000631738	0.00261197	0.449512
882	rest	0.389667	0.148552	0.000386622	5.05E-05	0.461345
883	rest	0.360356	0.128908	0.00158172	0.000239924	0.508915
884	rest	0.315845	0.0855773	0.00051656	0.000202832	0.597858
885	rest	0.249431	0.0373526	0.000120447	1.37E-05	0.713082
886	rest	0.216761	0.0227512	8.18E-05	7.44E-05	0.760332
887	rest	0.174613	0.0257954	0.000258066	0.00114477	0.798189
888	rest	0.131305	0.0195415	0.000274156	0.000109564	0.84877
889	rest	0.112719	0.0162542	0.000349034	1.48E-05	0.870663
890	rest	0.108797	0.0109368	0.000133603	0.000635657	0.879497
891	rest	0.0722765	0.00306979	5.19E-05	3.14E-05	0.924571
892	rest	0.0486496	0.00120675	6.37E-05	0.000131041	0.949949
893	rest	0.0157009	0.000414983	0.000106484	2.45E-05	0.983753
894	rest	0.0120493	0.00180704	4.43E-05	0.000623846	0.985475
895	rest	0.00451502	0.00231447	6.28E-05	0.000140369	0.992967
896	rest	0.00221562	0.00106106	0.000112965	6.89E-05	0.996541
897	rest	0.000648262	0.000332375	4.81E-05	2.75E-05	0.998944
898	rest	0.000930237	0.000201111	0.00026771	5.62E-05	0.998545
899	rest	0.00219241	0.00107095	9.52E-05	0.000148404	0.996493
900	rest	0.00162468	0.000162031	5.36E-05	6.01E-05	0.9981
901	rest	0.000837267	9.76E-05	2.13E-05	2.89E-05	0.999015
902	rest	0.000147724	0.000107608	3.07E-05	1.57E-05	0.999698
903	rest	0.000420162	8.30E-05	6.39E-05	0.000226757	0.999206
904	rest	0.000717674	0.000591843	3.41E-05	5.16E-05	0.998605
905	rest	0.000952515	0.00136595	0.000619378	5.99E-05	0.997002
906	rest	0.000390799	0.000225564	1.85E-05	3.02E-06	0.999362
907	rest	0.000523704	0.000369241	5.56E-05	9.31E-06	0.999042
908	rest	0.000343572	0.000116872	0.000540531	5.28E-05	0.998946
909	rest	0.0010413	0.000341872	2.38E-05	1.06E-05	0.998582
910	rest	0.000516286	5.02E-05	4.29E-05	8.93E-06	0.999382
911	rest	0.000712129	0.000117515	6.25E-05	4.65E-06	0.999103
912	rest	0.00229482	7.83E-05	0.000229854	0.000106988	0.99729
913	rest	0.0132217	0.000813548	0.0012253	0.00101089	0.983729
914	rest	0.0599718	0.00946867	0.0101857	0.0665758	0.853798
915	face	0.415934	0.0228511	0.0102409	0.00236463	0.548609
916	face	0.488907	0.0122637	0.00506823	0.000955675	0.492805
917	face	0.630681	0.00527749	0.00277379	0.000444629	0.360823
918	face	0.63157	0.00116748	0.000813162	6.76E-05	0.366381
919	face	0.618478	0.00145749	0.00126115	9.59E-05	0.378707
920	face	0.636425	0.0021368	0.00124333	6.81E-05	0.360127
921	face	0.626735	0.00115374	6.53E-05	7.29E-05	0.371973
922	face	0.622858	0.00125856	0.00216919	2.50E-05	0.373689
923	face	0.670571	0.000865118	0.00187151	0.000213588	0.326479
924	face	0.699494	0.00102726	0.00449895	0.000437208	0.294542
925	face	0.793805	0.00104739	0.0100961	0.00443704	0.190614
926	face	0.866615	0.00110083	0.00501294	0.00123959	0.126032
927	face	0.894322	0.00189036	0.000229174	0.000226651	0.103332
928	face	0.889775	0.00148054	0.000356614	1.56E-05	0.108372
929	face	0.885626	0.00200452	0.000281829	5.19E-05	0.112036
930	face	0.864441	0.0032463	0.00234522	0.000168373	0.129799
931	face	0.870726	0.00428498	0.00502371	0.000450183	0.119515
932	face	0.911859	0.00467182	0.000298701	0.000260668	0.0829096
933	face	0.899445	0.00674095	0.000694264	9.06E-05	0.0930293
934	face	0.897416	0.00533113	3.83E-05	6.20E-05	0.0971526
935	face	0.910587	0.0018573	7.55E-05	0.000168064	0.0873126
936	face	0.908758	0.00169278	0.000452015	0.000105338	0.0889917
937	face	0.915072	0.00156902	0.00356581	0.000354443	0.0794384
938	face	0.931787	0.00191273	0.000209565	0.000138774	0.0659516
939	face	0.933014	0.00167184	0.000149542	4.98E-06	0.0651601
940	face	0.927902	0.00127566	0.00152569	6.88E-05	0.0692282
941	face	0.923977	0.00120604	0.000268595	2.69E-05	0.0745219
942	face	0.91179	0.00137186	0.000946973	0.000131405	0.08576
943	face	0.912035	0.00130013	0.000129728	4.98E-05	0.0864854
944	face	0.901624	0.000962194	0.000262591	3.49E-05	0.097116
945	face	0.888651	0.000762272	0.00298643	6.31E-05	0.107537
946	face	0.883733	0.000622429	0.00212092	3.80E-05	0.113486
947	face	0.889256	0.000815545	0.0103372	0.00125123	0.0983397
948	face	0.937197	0.000553133	0.00468517	0.000705978	0.0568591
949	face	0.944889	0.000794225	0.00851894	0.000442151	0.0453558
950	face	0.978618	0.000996565	0.00333848	0.000178249	0.0168683
951	face	0.986574	0.000673397	0.00155252	6.24E-05	0.0111382
952	face	0.991446	0.00069423	0.000719071	7.10E-05	0.00706937
953	face	0.995951	0.00102051	0.00129325	5.21E-05	0.00168274
954	face	0.997061	0.00113543	0.000430056	2.26E-05	0.00135063
955	face	0.996358	0.000823322	0.000127558	3.57E-05	0.0026554
956	face	0.996864	0.000168239	1.92E-05	2.66E-06	0.00294573
957	face	0.994469	0.000101614	0.000167575	3.98E-06	0.00525744
958	face	0.99314	0.000183863	0.000310593	1.59E-05	0.00634991
959	face	0.970623	0.000862442	5.53E-05	2.75E-05	0.0284316
960	face	0.87709	0.00204359	0.000181108	5.31E-05	0.120632
961	face	0.814037	0.00671235	0.000165871	0.000548639	0.178536
962	face	0.715539	0.0064033	0.000281465	7.91E-05	0.277697
963	face	0.624186	0.00364706	7.18E-05	8.63E-05	0.372009
964	face	0.527536	0.00779887	0.000856111	8.69E-05	0.463722
965	face	0.45883	0.0068494	0.000163641	1.05E-05	0.534146
966	face	0.371533	0.00761694	0.000155633	0.000153221	0.620542
967	rest	0.210548	0.00980157	0.000690724	0.00132006	0.77764
968	rest	0.125355	0.0159191	0.00125005	0.00292624	0.85455
969	rest	0.0989518	0.0407513	0.00268437	0.00536101	0.852252
970	rest	0.0769171	0.074227	0.00270439	0.00503568	0.841116
971	rest	0.0616695	0.0785089	0.00114096	0.000147936	0.858533
972	rest	0.049891	0.0583697	0.0015263	0.000440999	0.889772
973	rest	0.024357	0.0270462	0.00193992	0.000324723	0.946332
974	rest	0.00164492	0.000622055	3.63E-05	3.24E-05	0.997664
975	rest	0.000261815	3.78E-05	5.50E-05	6.78E-05	0.999578
976	rest	0.000109493	4.93E-05	0.00012593	0.000126989	0.999588
977	rest	3.79E-05	1.47E-05	2.69E-05	1.58E-05	0.999905
978	rest	1.53E-05	8.13E-06	1.05E-05	7.51E-06	0.999959
979	rest	2.44E-05	5.72E-06	1.33E-05	4.66E-05	0.99991
980	rest	2.77E-05	5.81E-05	3.82E-05	2.81E-05	0.999848
981	rest	4.02E-05	8.24E-05	9.53E-05	3.84E-05	0.999744
982	rest	0.00013312	6.83E-05	9.43E-05	0.000115066	0.999589
983	rest	7.31E-05	0.000145981	9.67E-06	6.10E-06	0.999765
984	rest	0.000312559	0.000576707	0.000489252	0.00011119	0.99851
985	rest	0.000408802	0.000349337	4.17E-05	9.47E-05	0.999105
986	rest	0.000508241	0.000406159	5.28E-05	6.40E-05	0.998969
987	rest	0.000313252	0.000311878	5.17E-05	1.43E-05	0.999309
988	rest	0.000272814	0.000229652	6.02E-05	5.97E-05	0.999378
989	rest	0.00141982	0.000561372	5.05E-05	1.97E-05	0.997949
990	rest	0.00171496	8.30E-05	0.000148726	1.72E-05	0.998036
991	rest	0.00302927	0.000136498	7.54E-05	3.10E-05	0.996728
992	rest	0.00390413	0.00016691	0.000432498	0.000198735	0.995298
993	rest	0.0045977	0.000751386	9.61E-05	3.52E-05	0.99452
994	rest	0.00380489	0.000611198	0.000156694	0.000363755	0.995063
995	rest	0.00652216	0.00432725	0.00134767	0.000352098	0.987451
996	rest	0.0166385	0.00966009	0.00407075	0.00206643	0.967564
997	rest	0.020369	0.0194382	0.00265061	0.00380495	0.953737
998	rest	0.0295173	0.0440505	0.00311617	0.0152898	0.908026
999	rest	0.029904	0.0748657	0.00336372	0.00408117	0.887785
1000	rest	0.0350846	0.077159	0.00194514	0.00210337	0.883708
1001	rest	0.0303052	0.0539675	0.002277	0.000582206	0.912868
1002	rest	0.0246719	0.0145131	0.00100796	0.000262064	0.959545
1003	rest	0.019794	0.00428376	0.000477204	3.76E-05	0.975407
1004	rest	0.00159778	0.00012904	3.83E-05	2.61E-06	0.998232
1005	rest	0.000235745	1.65E-05	2.72E-05	1.37E-05	0.999707
1006	rest	1.58E-05	6.39E-06	8.24E-06	3.37E-06	0.999966
1007	rest	9.79E-06	6.03E-06	9.35E-06	6.52E-06	0.999968
1008	rest	9.35E-05	9.66E-05	7.72E-05	0.000110162	0.999623
1009	rest	1.16E-05	6.64E-05	1.60E-05	3.60E-06	0.999902
1010	rest	4.22E-05	9.21E-05	1.19E-05	1.54E-05	0.999838
1011	rest	4.32E-06	1.33E-05	6.49E-06	2.41E-06	0.999974
1012	rest	4.48E-05	2.28E-05	9.92E-05	3.09E-05	0.999802
1013	rest	0.0002596	5.48E-05	3.90E-05	4.56E-05	0.999601
1014	rest	0.000286439	0.000215171	3.20E-05	3.73E-06	0.999463
1015	rest	0.000151021	0.000112788	6.22E-05	4.95E-05	0.999624
1016	rest	0.0022527	0.00150326	0.000143516	0.000685267	0.995415
1017	rest	0.00373681	0.00562197	0.00335674	4.39E-05	0.987241
1018	rest	0.0114502	0.011836	0.0204391	0.000594989	0.95568
1019	rest	0.0443374	0.0248568	0.0288245	0.0020682	0.899913
1020	rest	0.195617	0.0476565	0.0263398	0.00302114	0.727365
1021	rest	0.369262	0.0573598	0.0227966	0.00341869	0.547163
1022	rest	0.545873	0.0716819	0.00307578	0.00129678	0.378072
1023	rest	0.650025	0.0709988	0.0111854	0.000594479	0.267197
1024	rest	0.686604	0.0622764	0.00234781	6.61E-05	0.248706
1025	rest	0.745502	0.0358606	0.00403357	5.09E-05	0.214553
1026	rest	0.77017	0.0210531	0.000186159	6.40E-05	0.208527
1027	rest	0.780697	0.0149992	0.000428134	0.000159791	0.203716
1028	rest	0.76327	0.0114438	0.000270738	0.000117514	0.224898
1029	rest	0.726108	0.00786431	0.000507067	0.000126592	0.265394
1030	rest	0.717761	0.00656976	0.000999208	2.28E-05	0.274647
1031	rest	0.728394	0.00460558	0.00778474	0.000633249	0.258583
1032	rest	0.733989	0.00276445	0.0028355	0.000125547	0.260285
1033	rest	0.796826	0.00202242	0.00128844	0.000116976	0.199746
1034	rest	0.795186	0.000749907	0.00028063	6.36E-05	0.20372
1035	rest	0.781735	0.00120354	0.000305865	9.29E-05	0.216663
1036	rest	0.689107	0.00374598	0.000158379	1.41E-05	0.306975
1037	rest	0.313291	0.000666749	4.73E-06	7.02E-06	0.686031
1038	rest	0.23412	0.00100507	0.000330282	7.07E-05	0.764474
1039	rest	0.191266	0.000263642	0.000209915	3.98E-05	0.808221
1040	rest	0.176338	0.00160692	0.000483358	0.000123943	0.821447
1041	rest	0.147919	0.00143864	0.000562304	0.000547509	0.849533
1042	rest	0.064892	0.00155578	0.000130272	2.97E-05	0.933392
1043	rest	0.0495235	0.000955552	8.70E-05	0.000104302	0.94933
1044	rest	0.0412986	0.00229417	0.000146699	4.32E-05	0.956217
1045	rest	0.0235852	0.000291572	3.74E-06	5.08E-06	0.976114
1046	rest	0.0100705	0.000276494	0.000127791	7.62E-06	0.989518
1047	rest	0.0015619	0.000213474	0.000102588	3.07E-05	0.998091
1048	rest	0.000620683	5.99E-05	6.14E-06	2.02E-05	0.999293
1049	rest	0.000706321	0.000628001	9.96E-05	0.000223546	0.998342
1050	rest	0.00082786	0.000673512	0.000279243	0.000110944	0.998108
1051	rest	0.000622868	0.000158755	5.73E-05	1.83E-05	0.999143
1052	rest	0.00202844	0.000613804	0.00084206	6.06E-05	0.996455
1053	rest	0.00918969	0.00333468	0.00124439	6.61E-05	0.986165
1054	rest	0.0139228	0.00390108	0.000540794	5.45E-05	0.981581
1055	rest	0.0210578	0.00557127	0.000270724	0.000239947	0.97286
1056	rest	0.0215216	0.00798684	0.000622178	0.000110037	0.969759
1057	rest	0.0191859	0.00753285	0.000886115	6.11E-05	0.972334
1058	rest	0.0278209	0.0116505	0.00269027	0.000830213	0.957008
1059	rest	0.0735333	0.0396049	0.019763	0.0133708	0.853728
1060	rest	0.147132	0.186927	0.0346424	0.00445584	0.626842
1061	rest	0.288228	0.281641	0.040395	0.00542197	0.384315
1062	rest	0.397018	0.300223	0.0291114	0.00109017	0.272557
1063	rest	0.46156	0.266602	0.00276796	0.000349997	0.268719
1064	rest	0.465239	0.26421	0.00109155	0.000186541	0.269273
1065	rest	0.477538	0.236574	0.00140175	6.58E-05	0.28442
1066	rest	0.443591	0.205656	0.000998064	0.000129502	0.349625
1067	rest	0.306061	0.139709	0.000145258	8.51E-05	0.554
1068	rest	0.21005	0.0969157	3.07E-05	0.000349819	0.692654
1069	rest	0.123071	0.0740456	0.000228902	6.50E-05	0.802589
1070	rest	0.100805	0.0582792	0.00038967	9.64E-05	0.84043
1071	rest	0.0979935	0.0561787	0.00235864	0.000553842	0.842915
1072	rest	0.0977397	0.0562783	0.00157603	0.000317645	0.844088
1073	rest	0.0925019	0.0482748	0.000945839	3.21E-05	0.858245
1074	rest	0.0669014	0.0222458	0.000174562	9.88E-06	0.910668
1075	rest	0.0669004	0.0119472	0.000374222	7.55E-05	0.920703
1076	rest	0.0967795	0.015754	0.000791795	0.00106644	0.885608
1077	rest	0.0976642	0.00928039	0.000297429	0.000216542	0.892541
1078	rest	0.0901646	0.00900495	0.000513407	0.000141794	0.900175
1079	rest	0.0881969	0.00806402	0.00208452	0.000418297	0.901236
1080	rest	0.0890281	0.0128159	0.000568795	0.000516566	0.897071
1081	rest	0.0737744	0.015151	0.000457982	5.42E-05	0.910562
1082	rest	0.0677156	0.0138284	0.00133423	0.000149345	0.916972
1083	rest	0.0639743	0.0128714	0.000267761	2.78E-05	0.922859
1084	rest	0.0683674	0.0141013	0.000293192	0.00065978	0.916578
1085	rest	0.0779949	0.0198532	0.00032999	0.000243328	0.901579
1086	rest	0.0878137	0.0298334	0.000398298	7.22E-05	0.881882
1087	rest	0.0775314	0.0170613	7.88E-05	0.000206654	0.905122
1088	rest	0.0516574	0.00933141	0.00011931	0.000134024	0.938758
1089	rest	0.0133955	0.00369654	7.20E-05	2.77E-05	0.982808
1090	rest	0.00955434	0.00192918	3.26E-05	2.20E-05	0.988462
1091	rest	0.0140283	0.00348624	0.000904159	0.000509068	0.981072
1092	rest	0.0148654	0.00303288	0.000121703	4.53E-05	0.981935
1093	rest	0.0195962	0.00334679	0.000118682	4.78E-05	0.97689
1094	rest	0.0223873	0.00200207	0.000604355	0.00015397	0.974852
1095	rest	0.0280461	0.00125661	0.000442844	8.22E-05	0.970172
1096	rest	0.115245	0.00625297	0.0190149	0.000502011	0.858985
1097	rest	0.19176	0.00777727	0.00339349	0.00188977	0.79518
1098	rest	0.295709	0.00764801	0.0270481	0.000160387	0.669435
1099	rest	0.389978	0.00412633	0.0273788	0.000632992	0.577884
1100	rest	0.42102	0.00478249	0.00524799	0.000109458	0.56884
1101	rest	0.441273	0.00684251	0.0134061	0.000632043	0.537846
1102	rest	0.494433	0.0104206	0.00124285	0.000311515	0.493592
1103	rest	0.495461	0.0140572	0.000708849	0.000476294	0.489297
1104	face	0.751959	0.0441297	0.0205035	0.00111601	0.182292
1105	face	0.854143	0.0441728	0.00796993	0.000948983	0.0927652
1106	face	0.901487	0.0277568	0.00385595	0.000168472	0.0667322
1107	face	0.936339	0.0113388	5.04E-05	1.53E-05	0.0522563
1108	face	0.938823	0.00745241	0.000289254	1.54E-05	0.0534198
1109	face	0.953931	0.00629862	0.000538796	8.65E-05	0.0391454
1110	face	0.951514	0.00716701	0.000565589	2.22E-05	0.0407309
1111	face	0.936403	0.00736091	5.12E-05	0.000434507	0.05575
1112	face	0.905563	0.0304458	0.000655645	0.000169762	0.0631657
1113	face	0.890891	0.0525033	0.00344558	0.00102884	0.0521312
1114	face	0.901033	0.0646513	0.000507242	0.0012338	0.0325748
1115	face	0.874644	0.0968294	0.00111519	3.81E-05	0.0273735
1116	face	0.87257	0.0999846	0.000124509	3.16E-05	0.0272896
1117	face	0.805308	0.105969	0.000495436	0.000167135	0.088061
1118	rest	0.561838	0.109523	0.00040695	0.0014018	0.32683
1119	rest	0.41198	0.170409	0.00016563	0.00324415	0.414201
1120	rest	0.295526	0.342475	0.00211152	0.00852754	0.35136
1121	rest	0.281232	0.400588	0.0033381	0.0374168	0.277425
1122	rest	0.259007	0.462631	0.00153087	0.000163775	0.276668
1123	rest	0.22237	0.428557	0.000219348	5.62E-05	0.348797
1124	rest	0.160654	0.256289	0.000324369	0.000153271	0.582579
1125	rest	0.0937157	0.141272	0.000105072	2.93E-05	0.764878
1126	rest	0.0172739	0.0550989	8.71E-05	1.54E-05	0.927525
1127	rest	0.0113218	0.0169095	1.07E-05	7.13E-05	0.971687
1128	rest	0.00943563	0.0159789	1.65E-05	1.91E-05	0.97455
1129	rest	0.00726769	0.0106545	0.000216481	3.58E-05	0.981826
1130	rest	0.0122006	0.0138064	0.000475241	0.00174043	0.971777
1131	rest	0.0143672	0.0227565	0.000568387	0.000581562	0.961726
1132	rest	0.0242136	0.0498236	0.000430959	0.000863979	0.924668
1133	rest	0.0383478	0.0876808	0.00616314	0.00468038	0.863128
1134	rest	0.0828719	0.160403	0.0682093	0.00748162	0.681034
1135	rest	0.171336	0.191365	0.0299893	0.00312617	0.604184
1136	face	0.33035	0.212205	0.00766876	0.00552838	0.444248
1137	face	0.339934	0.205228	0.00156945	0.000387846	0.452881
1138	face	0.402607	0.174901	0.00639483	0.000400349	0.415697
1139	face	0.431709	0.163428	0.000461686	0.00299035	0.401411
1140	face	0.425952	0.164416	0.000565806	0.000283984	0.408783
1141	face	0.435737	0.158131	0.00206338	0.000931537	0.403137
1142	face	0.484442	0.149095	0.0150747	0.00299241	0.348396
1143	face	0.544127	0.138448	0.00807678	0.00150768	0.30784
1144	face	0.632772	0.135204	0.00111297	0.00048505	0.230426
1145	face	0.659534	0.10702	0.0507064	0.000700792	0.182039
1146	face	0.777615	0.0656896	0.00450189	0.000814994	0.151379
1147	face	0.837978	0.0595203	0.0015634	0.00390979	0.0970284
1148	face	0.869907	0.0579921	0.00102409	0.000215075	0.0708612
1149	face	0.884346	0.0546969	0.0006873	0.000351758	0.0599181
1150	face	0.885468	0.0551152	0.00082689	0.000955183	0.0576351
1151	face	0.875166	0.0624366	0.000800513	0.000815775	0.0607807
1152	face	0.880017	0.072489	0.00232848	0.000207583	0.0449584
1153	face	0.874262	0.0730763	0.000865363	0.000184636	0.0516119
1154	face	0.865225	0.0880989	6.36E-05	0.000825829	0.0457862
1155	face	0.77805	0.123059	0.00152365	0.0188681	0.078499
1156	maze	0.656775	0.264207	0.00206022	0.00471821	0.0722401
1157	maze	0.522163	0.345151	0.000928549	0.027889	0.103868
1158	maze	0.449404	0.458783	8.23E-05	0.000247356	0.0914833
1159	maze	0.39962	0.520132	0.000458631	0.000354005	0.0794352
1160	maze	0.347533	0.538215	0.000142336	0.000342762	0.113767
1161	maze	0.328415	0.558161	0.000294989	0.000422456	0.112706
1162	maze	0.284881	0.615424	0.000102101	0.0025679	0.0970249
1163	maze	0.20724	0.6485	0.000135641	0.000505131	0.143619
1164	maze	0.158946	0.636168	4.42E-05	6.61E-05	0.204776
1165	maze	0.139347	0.632297	0.000181132	0.00208836	0.226086
1166	maze	0.115984	0.633053	0.000128415	0.000338352	0.250497
1167	maze	0.0832274	0.646016	5.55E-05	0.000122493	0.270579
1168	maze	0.0747927	0.701399	0.00050023	0.00479593	0.218512
1169	maze	0.067088	0.70475	0.000287423	0.000154831	0.227719
1170	maze	0.0480641	0.683245	0.000414182	0.00018456	0.268092
1171	maze	0.0282739	0.667971	0.000322266	0.000359706	0.303073
1172	maze	0.0280528	0.660011	0.00116196	0.000156181	0.310618
1173	maze	0.0457667	0.62588	0.000755944	0.000599032	0.326998
1174	maze	0.0530452	0.569191	0.0014623	0.00022756	0.376074
1175	maze	0.065224	0.49423	0.000842972	0.000211767	0.439492
1176	maze	0.0785019	0.440421	0.00050082	0.000311589	0.480265
1177	maze	0.0882546	0.367551	0.000392946	0.000321865	0.54348
1178	maze	0.0654681	0.349698	0.000969613	0.00267713	0.581187
1179	maze	0.0473316	0.37349	0.00172197	0.00704862	0.570407
1180	maze	0.0297307	0.420638	0.00129037	0.000633048	0.547708
1181	maze	0.0234425	0.444748	0.00234081	0.000353394	0.529115
1182	maze	0.0230142	0.460299	0.00803694	0.00258343	0.506067
1183	maze	0.027373	0.449358	0.000477158	0.00133931	0.521453
1184	maze	0.0263829	0.419182	0.00050915	9.35E-05	0.553833
1185	maze	0.0261543	0.37421	0.00126731	0.00192389	0.596444
1186	maze	0.0323107	0.343575	0.000414523	0.00137112	0.622329
1187	maze	0.040457	0.313542	0.00307942	0.000188043	0.642733
1188	maze	0.0858139	0.264774	0.00068006	0.00236845	0.646364
1189	maze	0.108506	0.222463	0.00231555	0.000624429	0.66609
1190	maze	0.16848	0.19624	0.00302918	0.000651852	0.631599
1191	maze	0.2585	0.120285	0.00624199	0.000559178	0.614414
1192	maze	0.281315	0.0910646	0.00573452	0.00280607	0.61908
1193	maze	0.331956	0.0733293	0.00143368	0.000367873	0.592913
1194	maze	0.378871	0.0494091	0.000479091	0.000481957	0.570759
1195	maze	0.395259	0.0499459	0.0036267	0.00302413	0.548145
1196	maze	0.419879	0.0757137	0.00319613	0.00280051	0.498411
1197	maze	0.508575	0.116821	0.0218868	0.00215016	0.350567
1198	maze	0.524933	0.119721	0.00333723	0.000848968	0.35116
1199	maze	0.539208	0.124561	0.00120404	0.00130459	0.333722
1200	maze	0.541907	0.131576	0.00206353	0.00254634	0.321907
1201	maze	0.54995	0.14843	0.00367289	0.000689038	0.297258
1202	maze	0.547893	0.172139	0.00101367	0.000287147	0.278667
1203	maze	0.543858	0.185514	0.00303251	0.000608909	0.266987
1204	maze	0.549032	0.198903	0.00124572	0.00159791	0.249222
1205	maze	0.568121	0.237998	0.00280495	0.00537563	0.1857
1206	maze	0.574598	0.29309	0.000213361	0.00214998	0.129949
1207	maze	0.551893	0.316631	0.00350312	0.00429079	0.123682
1208	maze	0.524957	0.338822	0.000265715	0.00041346	0.135542
1209	maze	0.515608	0.365836	0.000391156	0.000784551	0.11738
1210	maze	0.490999	0.397482	0.000528199	0.00294263	0.108048
1211	maze	0.471431	0.434519	0.0053342	0.000798555	0.087917
1212	maze	0.466572	0.451627	0.000205916	0.00165872	0.0799365
1213	maze	0.427221	0.461919	0.00046449	0.000329016	0.110066
1214	maze	0.396698	0.48002	0.000107352	0.000840129	0.122334
1215	maze	0.29767	0.496747	0.000627865	0.000165593	0.204789
1216	maze	0.195775	0.460472	0.000172774	0.000481437	0.343099
1217	maze	0.162645	0.470057	0.000333892	0.0011702	0.365794
1218	maze	0.137842	0.476641	0.00103251	0.00059868	0.383885
1219	maze	0.125558	0.468675	0.000183285	0.00144793	0.404137
1220	maze	0.0999216	0.466875	0.000102374	1.61E-05	0.433085
1221	maze	0.040152	0.36492	0.000214779	0.000100553	0.594612
1222	maze	0.0309077	0.330515	0.00131942	9.56E-05	0.637162
1223	maze	0.0314071	0.321122	0.0005655	0.000256861	0.646648
1224	maze	0.0317298	0.323524	0.00122649	0.00115608	0.642364
1225	maze	0.0309518	0.331898	0.00109877	0.00138619	0.634665
1226	maze	0.0291078	0.390605	0.00290135	0.00101448	0.576371
1227	maze	0.029249	0.456509	0.00128651	0.00436917	0.508586
1228	maze	0.0288816	0.465801	0.00051562	0.000307284	0.504494
1229	maze	0.0523302	0.520421	0.000952579	0.00236976	0.423926
1230	maze	0.0632849	0.576353	0.00364508	0.00571501	0.351002
1231	maze	0.080882	0.657262	0.0089388	0.00160679	0.251311
1232	maze	0.110861	0.667732	0.00117194	0.00118256	0.219053
1233	maze	0.156365	0.707764	0.00262033	0.000542331	0.132709
1234	maze	0.215103	0.693482	0.00604517	0.00437033	0.0809988
1235	maze	0.233755	0.675809	0.0196381	0.000337249	0.0704611
1236	maze	0.293882	0.618303	0.000347562	3.20E-05	0.0874351
1237	maze	0.258783	0.483768	0.000103302	9.07E-05	0.257255
1238	maze	0.272438	0.384348	0.000555186	4.03E-05	0.342618
1239	maze	0.304567	0.253738	0.00062168	0.000371489	0.440702
1240	maze	0.293646	0.211835	0.000309243	0.000118753	0.494091
1241	maze	0.28297	0.190575	0.000172031	0.000118761	0.526164
1242	maze	0.277498	0.188391	0.00161909	0.000410192	0.532081
1243	maze	0.317156	0.214757	0.0236216	0.00348833	0.440977
1244	maze	0.366101	0.246647	0.00737315	0.00108423	0.378794
1245	maze	0.386902	0.262462	0.0117264	0.00281673	0.336093
1246	maze	0.416924	0.280975	0.000730758	0.00222733	0.299142
1247	maze	0.421495	0.310597	0.000836625	0.00161691	0.265455
1248	maze	0.417502	0.32515	0.00248706	0.000571429	0.25429
1249	maze	0.394741	0.308219	0.000481003	0.000150091	0.296409
1250	maze	0.388532	0.294235	0.00064949	4.90E-05	0.316534
1251	maze	0.382897	0.290371	0.00187793	0.000360464	0.324494
1252	maze	0.386302	0.288815	0.000544735	0.00136597	0.322971
1253	maze	0.324976	0.28923	7.07E-05	0.000508575	0.385215
1254	maze	0.288525	0.313616	3.63E-05	0.000142626	0.39768
1255	maze	0.240923	0.322662	0.000819105	8.68E-05	0.43551
1256	maze	0.24595	0.326201	0.000271079	0.000193856	0.427384
1257	maze	0.224409	0.317961	0.000114996	0.000363313	0.457152
1258	maze	0.223387	0.34734	0.000352733	0.000611915	0.428308
1259	maze	0.200757	0.422665	0.00233298	0.00194565	0.372299
1260	maze	0.181402	0.475468	0.00039812	0.00185247	0.34088
1261	maze	0.153403	0.493422	0.000138684	0.000347611	0.352689
1262	maze	0.152027	0.515075	0.00148865	0.00103999	0.33037
1263	maze	0.182432	0.616161	0.00825273	0.00614583	0.187009
1264	maze	0.240703	0.698449	0.00801297	0.00907569	0.0437598
1265	maze	0.248461	0.720012	0.00221797	0.000258736	0.0290502
1266	maze	0.266449	0.703825	0.000781833	0.00138612	0.0275579
1267	maze	0.269087	0.686428	0.00271712	0.000186731	0.0415814
1268	maze	0.280565	0.670569	0.00393992	0.000209923	0.0447166
1269	maze	0.31398	0.645481	0.00149947	9.40E-05	0.0389459
1270	maze	0.324857	0.611311	0.00059499	0.000188505	0.0630483
1271	maze	0.324606	0.537103	0.0017882	0.000326092	0.136177
1272	maze	0.355483	0.458549	0.000780596	9.84E-05	0.185089
1273	maze	0.390474	0.425005	0.00158855	0.000811376	0.182121
1274	maze	0.408337	0.40731	0.00298038	0.000646901	0.180725
1275	face	0.477951	0.340192	0.0314809	0.00240002	0.147976
1276	face	0.564718	0.302593	0.041065	0.0050687	0.0865549
1277	face	0.685774	0.255935	0.00258989	0.000449272	0.0552522
1278	face	0.725612	0.218489	0.00753493	9.53E-05	0.0482682
1279	face	0.781193	0.151451	0.00100059	4.60E-05	0.0663086
1280	face	0.810969	0.119196	0.00112017	0.000619631	0.0680952
1281	face	0.823037	0.103643	0.000689589	0.000151562	0.072479
1282	face	0.829522	0.0643812	0.00163511	1.00E-04	0.104362
1283	face	0.846897	0.034898	0.000248591	0.000173163	0.117783
1284	face	0.771766	0.0168083	0.000648874	0.000105471	0.210671
1285	face	0.775148	0.0142462	0.00299173	0.000427942	0.207186
1286	face	0.83562	0.0177716	0.000980344	0.000448944	0.145179
1287	face	0.860072	0.0176814	0.00169959	0.000273873	0.120273
1288	face	0.903066	0.0125239	0.0013166	4.44E-05	0.0830493
1289	face	0.927411	0.0126838	0.00938511	0.000526005	0.0499944
1290	face	0.944505	0.0124108	0.00176487	5.95E-05	0.0412594
1291	face	0.952013	0.0104197	0.000843886	0.000103727	0.0366196
1292	face	0.957529	0.0096697	0.00167797	8.88E-05	0.0310346
1293	face	0.965332	0.00862617	0.00416984	0.000122363	0.0217493
1294	face	0.977406	0.00691802	0.00143129	0.000317535	0.0139275
1295	face	0.979694	0.00834468	0.00376146	0.000334028	0.00786568
1296	face	0.987163	0.00894843	0.00109025	6.61E-05	0.00273207
1297	face	0.991401	0.00844386	2.53E-05	1.10E-05	0.000119336
1298	face	0.989422	0.0103636	2.62E-05	3.10E-05	0.000157077
1299	face	0.984153	0.0140906	0.000103623	1.58E-05	0.00163685
1300	face	0.975358	0.0192778	0.0012733	7.70E-05	0.00401418
1301	face	0.951637	0.0299953	0.000298556	0.000117515	0.0179521
1302	face	0.921409	0.0459445	0.00148673	0.000389941	0.0307697
1303	face	0.87414	0.0868283	0.00103574	0.000788238	0.0372076
1304	face	0.818387	0.128284	0.000759574	0.00156975	0.0509998
1305	face	0.794576	0.138832	0.000543137	0.000585621	0.0654629
1306	face	0.780553	0.14957	0.000252537	8.01E-05	0.069544
1307	face	0.780246	0.146745	0.000125221	3.34E-05	0.0728506
1308	face	0.770072	0.133526	6.03E-05	2.67E-05	0.0963155
1309	face	0.668295	0.127151	0.000247701	0.000107338	0.204199
1310	face	0.64977	0.101008	0.000163335	7.68E-05	0.248982
1311	face	0.582972	0.0642181	0.000795834	0.000510302	0.351504
1312	face	0.551422	0.0396055	0.000806133	0.000198131	0.407968
1313	face	0.536128	0.0166333	0.00220921	0.000257775	0.444772
1314	face	0.551431	0.00848483	0.000762294	0.000191898	0.43913
1315	face	0.557881	0.00386329	0.000252237	0.000190212	0.437813
1316	face	0.548203	0.00285436	0.000476839	0.000148326	0.448317
1317	face	0.493154	0.00586686	0.000400722	2.40E-05	0.500554
1318	face	0.479445	0.00546016	0.000131546	0.000280068	0.514683
1319	face	0.466905	0.00828888	0.000689247	0.000270653	0.523847
1320	face	0.468556	0.0307037	0.00276179	0.00163457	0.496344
1321	face	0.461202	0.0986736	0.00241296	0.00779212	0.429919
1322	face	0.424984	0.280631	0.00710488	0.00511886	0.282162
1323	face	0.415777	0.40244	0.0217617	0.0516111	0.10841
1324	face	0.395507	0.53153	0.0018847	0.00362831	0.0674501
1325	face	0.356093	0.586417	0.00115865	0.00157972	0.0547519
1326	face	0.343538	0.600581	0.000465791	0.00132669	0.0540887
1327	face	0.322282	0.63337	0.00242712	0.000256878	0.0416641
1328	face	0.316001	0.642498	0.00111329	8.63E-05	0.0403013
1329	face	0.318289	0.637475	0.000753967	0.000557217	0.0429242
1330	face	0.303322	0.645588	0.000187888	2.39E-05	0.0508787
1331	face	0.278132	0.62053	0.00114617	0.000146255	0.100045
1332	face	0.263837	0.62299	0.000319262	9.75E-05	0.112757
1333	face	0.17335	0.608678	0.000440549	0.000935992	0.216596
1334	face	0.114237	0.633433	0.000457537	0.0011787	0.250695
1335	face	0.102099	0.692502	0.000882518	0.00322082	0.201296
1336	face	0.106382	0.720534	0.00171556	0.0113467	0.160022
1337	face	0.0990782	0.747136	0.00129825	0.000193831	0.152294
1338	face	0.107669	0.744759	0.000681625	0.00128964	0.145601
1339	face	0.101994	0.762386	0.000338278	0.000634102	0.134647
1340	face	0.102968	0.812793	0.00648	0.00343773	0.074321
1341	face	0.104476	0.835446	0.000660022	0.000687065	0.0587309
1342	face	0.109274	0.834562	0.000348746	0.000347865	0.0554674
1343	face	0.10718	0.821235	0.000667512	0.000279505	0.0706379
1344	face	0.0988931	0.744943	0.000495297	0.000795927	0.154873
1345	face	0.0616858	0.62397	0.000142189	0.000214008	0.313988
1346	rest	0.0187827	0.376192	0.000351919	0.000580458	0.604092
1347	rest	0.00998026	0.197448	0.000348148	0.000208297	0.792015
1348	rest	0.00269256	0.018748	2.22E-05	2.68E-05	0.97851
1349	rest	0.001485	0.0089283	0.000120094	2.53E-05	0.989441
1350	rest	0.000806691	0.00189678	3.17E-05	2.54E-05	0.997239
1351	rest	0.0007825	0.000679224	9.07E-05	0.000193239	0.998254
1352	rest	0.0014988	0.00259976	0.000537321	0.00112807	0.994236
1353	rest	0.00100087	0.00448188	0.00103944	0.0002284	0.993249
1354	rest	0.00268478	0.010725	0.00142582	0.00199013	0.983174
1355	rest	0.00502569	0.0230101	0.00214184	0.00182743	0.967995
1356	rest	0.017162	0.0613847	0.00326154	0.00708249	0.911109
1357	rest	0.027841	0.162633	0.0010987	0.00196269	0.806465
1358	rest	0.0368239	0.226299	0.000535639	0.00777779	0.728563
1359	rest	0.0397676	0.269508	0.00338198	0.0107287	0.676613
1360	rest	0.0441463	0.33824	0.00459294	0.00819045	0.60483
1361	rest	0.0551957	0.346543	0.00726562	0.00140962	0.589586
1362	rest	0.104745	0.373829	0.0145287	0.00291937	0.503978
1363	rest	0.143387	0.38308	0.00830501	0.00083167	0.464397
1364	rest	0.171815	0.38613	0.00280906	0.000995194	0.43825
1365	rest	0.180657	0.363186	0.000832834	0.000452416	0.454871
1366	rest	0.170151	0.356441	0.00106793	0.000929289	0.471411
1367	rest	0.181623	0.367624	0.000747781	0.000365156	0.449639
1368	rest	0.167185	0.351131	0.00192444	0.000482919	0.479277
1369	rest	0.164722	0.347037	0.000928149	0.0027853	0.484528
1370	rest	0.147847	0.349786	0.00111077	0.000220353	0.501036
1371	rest	0.142473	0.319577	0.000352841	9.59E-05	0.537502
1372	rest	0.112164	0.24994	0.000504085	3.74E-05	0.637355
1373	rest	0.076518	0.154701	0.00041185	5.66E-05	0.768312
1374	rest	0.0301872	0.041436	4.24E-05	9.46E-06	0.928325
1375	rest	0.00686771	0.0180528	0.000350525	0.000734306	0.973995
1376	rest	0.00710032	0.0187046	0.000276271	0.000341542	0.973577
1377	rest	0.00771297	0.0194677	0.0011409	0.000725116	0.970953
1378	rest	0.0399868	0.0819994	0.00181975	0.00806158	0.868132
1379	rest	0.0558691	0.113404	0.00223538	0.0156033	0.812889
1380	rest	0.054788	0.175582	0.00064672	0.000623585	0.76836
1381	rest	0.0603976	0.22049	0.000663874	0.00177607	0.716673
1382	rest	0.0649025	0.288097	0.00484576	0.0369454	0.605209
1383	rest	0.0724747	0.451571	0.00971867	0.0111793	0.455056
1384	maze	0.0891324	0.625716	0.0070302	0.00784553	0.270276
1385	maze	0.090734	0.665321	0.00458264	0.00189898	0.237463
1386	maze	0.0807135	0.677409	0.00200024	0.00201928	0.237858
1387	maze	0.0588746	0.638727	0.00125253	0.00062589	0.30052
1388	maze	0.0397381	0.555971	0.00127577	0.00101973	0.401995
1389	maze	0.0421515	0.494724	0.00163594	0.00128254	0.460206
1390	maze	0.0440602	0.445189	0.00218953	0.000117416	0.508444
1391	maze	0.0518024	0.354027	0.0035648	0.000360795	0.590245
1392	maze	0.118239	0.328671	0.0562516	0.00462116	0.492218
1393	maze	0.299957	0.28321	0.103052	0.0170943	0.296686
1394	maze	0.457252	0.226399	0.103728	0.00446769	0.208154
1395	maze	0.562363	0.216614	0.033085	0.000903504	0.187034
1396	maze	0.636885	0.188358	0.0219079	0.00291517	0.149933
1397	maze	0.682313	0.194646	0.0184273	0.0232156	0.0813972
1398	maze	0.704298	0.254101	0.00367782	0.00134514	0.0365784
1399	maze	0.657026	0.310412	0.00517134	0.00176272	0.0256279
1400	maze	0.642022	0.347424	0.00014101	0.000271025	0.0101424
1401	maze	0.626748	0.369316	0.000232054	0.000489832	0.00321402
1402	maze	0.571336	0.425353	5.88E-05	0.000772358	0.00247984
1403	maze	0.494122	0.502017	0.000533476	0.00137957	0.00194856
1404	maze	0.134483	0.856556	0.000424501	0.00536809	0.00316812
1405	maze	0.0299981	0.960846	0.000531913	0.00082875	0.00779551
1406	maze	0.00745315	0.98803	8.39E-05	0.000276689	0.00415624
1407	maze	0.00272177	0.993879	0.000153644	0.000708671	0.00253721
1408	maze	0.000967271	0.996611	0.000110115	0.000148762	0.00216251
1409	maze	0.000321768	0.998555	0.000146665	0.000217734	0.000758838
1410	maze	0.000121532	0.998174	9.12E-05	0.000578085	0.00103548
1411	maze	0.000187182	0.998219	0.00024721	0.000391357	0.000955328
1412	maze	0.000517926	0.997047	0.000566872	0.000341527	0.00152709
1413	maze	0.000544743	0.994883	0.000536723	0.000531213	0.00350387
1414	maze	0.00037223	0.993847	7.84E-05	0.000698786	0.00500351
1415	maze	0.000448497	0.993893	0.000212192	0.000273251	0.00517349
1416	maze	0.000410474	0.99162	0.000187171	0.000385649	0.00739643
1417	maze	0.000379949	0.992134	0.000282221	0.000536444	0.00666759
1418	maze	0.000273469	0.994207	0.000310257	0.00116922	0.00403991
1419	maze	0.000235184	0.997085	0.000263717	0.000637006	0.00177938
1420	maze	0.000306588	0.998077	2.86E-05	0.000217604	0.00137059
1421	maze	0.000320906	0.998023	7.90E-05	0.000604838	0.000972767
1422	maze	0.000268154	0.99931	7.97E-05	0.000171884	0.000170562
1423	maze	0.000327172	0.999339	3.57E-05	0.000104484	0.000193221
1424	maze	0.000233654	0.998723	4.84E-05	9.25E-05	0.000902811
1425	maze	0.000163408	0.998738	8.41E-05	7.20E-05	0.000942493
1426	maze	0.000129176	0.997163	0.00020794	0.000344752	0.00215513
1427	maze	0.00032832	0.997557	0.000290237	0.000166525	0.00165819
1428	maze	0.000259637	0.998276	7.76E-05	0.000282169	0.00110469
1429	maze	0.000367453	0.998098	9.58E-05	0.000141501	0.00129728
1430	maze	0.00033634	0.99763	3.47E-05	8.77E-05	0.00191136
1431	maze	0.000177786	0.995481	0.000206265	0.00016744	0.00396752
1432	maze	0.000185497	0.997078	0.000110442	0.000262116	0.00236388
1433	maze	9.67E-05	0.998287	0.000149027	0.000211811	0.00125529
1434	maze	0.000158193	0.998687	9.24E-05	3.80E-05	0.00102414
1435	maze	0.000352353	0.998385	5.62E-05	5.22E-05	0.00115391
1436	maze	0.000791306	0.997599	9.09E-05	0.000200605	0.00131837
1437	maze	0.00135598	0.994167	0.000110088	0.000128941	0.00423809
1438	maze	0.00204232	0.992019	1.09E-05	8.83E-05	0.00583984
1439	maze	0.00231104	0.986017	0.000142633	0.00269836	0.00883064
1440	maze	0.00126014	0.992014	0.00041	0.000252663	0.00606316
1441	maze	0.000652233	0.991107	0.000130999	0.000412436	0.00769758
1442	maze	0.00078187	0.988641	0.000191976	0.000562645	0.00982221
1443	maze	0.00112124	0.987743	0.000117307	0.000528375	0.0104902
1444	maze	0.00186264	0.982206	0.00130499	0.00092119	0.0137051
1445	maze	0.0030962	0.975172	0.000726476	0.000826888	0.0201786
1446	maze	0.00265285	0.968636	0.000261999	0.000591147	0.0278579
1447	maze	0.00228233	0.961399	4.12E-05	6.97E-05	0.0362075
1448	maze	0.00288045	0.958705	0.000298454	0.000285505	0.0378309
1449	maze	0.00328213	0.963514	0.000366928	0.00249628	0.0303409
1450	maze	0.00181464	0.971911	0.000147551	0.000678643	0.0254482
1451	maze	0.00114317	0.980007	0.000212938	0.001647	0.0169899
1452	maze	0.00197494	0.989489	3.54E-05	0.00131934	0.00718174
1453	maze	0.00190892	0.995935	8.10E-05	4.05E-05	0.00203498
1454	maze	0.00222598	0.996523	6.35E-05	0.000101143	0.00108607
1455	maze	0.00208356	0.99693	6.96E-05	0.000336149	0.000580849
1456	maze	0.00243638	0.997061	0.000266526	9.80E-05	0.000137774
1457	maze	0.00414433	0.994303	0.000288252	1.41E-05	0.00124991
1458	maze	0.0148243	0.97708	0.00162882	6.63E-05	0.00640078
1459	maze	0.0322328	0.901639	0.0104817	0.00101117	0.0546349
1460	rest	0.100146	0.38948	0.00202697	0.00307214	0.505275
